ID,Year,Authors,Date,Completion,Study site,Latitude,Longitude,Lat zone,Ocean Basin,Study environment,Age of reef,Age category,Substrate type,Rugosity,Vertical relief,Openings,Material type,Shape of reef,General Reef Type,Specific Reef Type,Experimental group,N,Size of reef,Size of reef units,Control pre or post AR,Size of plot ,Plot size units,Volume of plot,Depth,Depth units,Distance offshore,Distance offshore units,Purpose of reef,Method of data collection,Month,Season,Averageable,Duration,Fish Abundance,Abundance units,Abundance upper error,Abundance lower error,Abundance SE,Abundance SD,Abundance error type,Fish Biomass,Biomass units,Biomass upper error,Biomass lower error,Biomass SE,Biomass SD,Biomass error type,Fish Species Richness,Species Richness units,Species richness upper error,Species richness lower error,Species richness SE,Species richness SD,Species richness error type,Paper conclusion,Number of metrics
1,2020,"Hylkema, Debrot, Osinga, et al",12/20/2022,Y,"Saba and St Eustatius, Caribbean",17.5,-63,,North Atlantic,Offshore,NA,Established,Sand,Control,Control,Control,Natural,Bare,Bare,Bare sand,Control,3,0,m3,NA,2,m2,5.6677,15,m,> 1,km,Research,Underwater visual census,NA,NA,,,3.1,fish / plot,10.1426,0,0.626550531,0.361739118,1.5 interquartile range,0,g / plot,128.7876,0,7.955744996,4.593251515,1.5 interquartile range,5.988,species / plot,7.0299,0.08319,0.429127131,0.247756665,1.5 interquartile range,Layered cake reefs had the highest abundance and biomass. This was due to the complexity of the structure,3
1,2020,,,Y,,17.5,-63,,North Atlantic,Offshore,1,New,Sand,Low rugosity,Low vertical relief,With openings,Concrete,Dome,Designed reefs,Reef balls,Experimental,3,4.56,m3,NA,2,m2,5.6677,15,m,> 1,km,Research,Underwater visual census,NA,NA,,,9.6,fish / plot,23.8352,0.3803,1.448906597,0.836526614,1.5 interquartile range,331.411,g / plot,833.3333,15.1513,50.54250062,29.18072634,1.5 interquartile range,17.964,species / plot,18.0948,4.9917,0.809432913,0.46732631,1.5 interquartile range,,3
1,2020,,,Y,,17.5,-63,,North Atlantic,Offshore,1,New,Sand,High rugosity,Low vertical relief,With openings,Concrete,Layered,Designed reefs,Layered cake,Experimental,3,3.42,m3,NA,2,m2,5.6677,15,m,> 1,km,Research,Underwater visual census,NA,NA,,,36.7,fish / plot,62.8843,15.2139,2.944798616,1.700180274,1.5 interquartile range,1152.7377,g / plot,3280.3029,143.9395,193.7461947,111.8594177,1.5 interquartile range,22.979,species / plot,25.9567,17.0965,0.547331357,0.316001906,1.5 interquartile range,,3
1,2020,,,Y,,17.5,-63,,North Atlantic,Offshore,1,New,Sand,High rugosity,Low vertical relief,No openings,Rock,Rubble,Rubble and rocks,Rock pile,Experimental,4,14.4,m3,NA,2,m2,5.6677,15,m,> 1,km,Research,Underwater visual census,NA,NA,,,15.5,fish / plot,31.0618,3.2964,1.286388065,0.643194033,1.5 interquartile range,410.662,g / plot,1083.3334,22.7275,49.13852391,24.56926195,1.5 interquartile range,14.07,species / plot,20.0499,10.1082,0.460605078,0.230302539,1.5 interquartile range,,3
2,2020,"Harrison, Rousseau ",1/10/2023,Y,"Nantucket Sound, USA",41.60832,-70.192077,,North Atlantic,Offshore,41,Established,Sand,Low rugosity,High vertical relief,No openings,Concrete,Disk,Non-designed ,Concrete filled tires,Experimental,20,770926.2,m3,NA,136.8,m2,136.8,10.63,m,5,km,Habitat,BRUV,NA,NA,,,NA,,,,,0,,NA,,,,,0,,3.1,number of species,3.3443,2.8759,0.2443,0.054627141,SE,Abundance varied with age of the reef,1
2,2020,,,Y,,41.625972,-70.06944,,North Atlantic,Offshore,4,Established,Sand,High rugosity,High vertical relief,No openings,Concrete,Rubble,Non-designed ,Concrete rubble,Experimental,20,2006.706,m3,NA,136.8,m2,136.8,10.18,m,5,km,Habitat,BRUV,NA,NA,,,NA,,,,,0,,NA,,,,,0,,3.4,number of species,3.6909,3.0445,0.2909,0.065047217,SE,,1
2,2020,,,Y,,41.61255,-70.12772,,North Atlantic,Offshore,NA,Established,Sand,Control,Control,Control,Natural,Natural,Bare,Bare sand,Control,20,0,m3,NA,136.8,m2,136.8,9.64,m,5,km,Natural,BRUV,NA,NA,,,NA,,,,,0,,NA,,,,,0,,2.5,number of species,2.6979,2.2295,0.1979,0.044251785,SE,,1
2,2020,,,Y,,41.56829,-70.24202,,North Atlantic,Offshore,NA,Established,Sand,Control,Control,Control,Natural,Reef,Natural reef,Natural reef,NA,20,NA,m3,NA,136.8,m2,136.8,7.1,m,5,km,Natural,BRUV,NA,NA,,,NA,,,,,0,,NA,,,,,0,,3.1,number of species,NA,NA,,0,,,1
3,2022,,,Y,,-8.11275,115.29429,,South Pacific,Offshore,NA,Established,Sand,Control,Control,Control,Natural,Natural,Bare,Bare sand,Control,3,0,m3,NA,10,m2,100, 5-10,m,NA,NA,Habitat,Underwater video census,NA,NA,,,94.9395,number of fish,145.8333,43.5185,50.8938,29.38354913,SE,NA,NA,,,,0,,4.1195,number of species,7.2381,1.0476,3.1186,1.800524549,SE,,2
3,2022,,,Y,,-8.11275,115.29429,,South Pacific,Offshore,NA,Established,Sand,NA,NA,NA,Natural,Reef,Natural reef,Natural reef,NA,3,NA,m3,NA,10,m2,100, 5-10,m,NA,NA,Habitat,Underwater video census,NA,NA,,,66.16314,number of fish,NA,NA,,0,,NA,NA,,,,0,,26.8012,number of species,,,,0,,,2
3,2022,"Boakes, Hall, Jones, et al",2/1/2023,Y,Bali,-8.07431,115.21534,,South Pacific,Offshore,8,Established,Sand,High rugosity,High vertical relief,With openings,Concrete,Pyramid,Designed reefs,Roti buaya,Experimental,10,100,m3,NA,10,m2,100, 5-10,m,NA,NA,Restoration,Underwater video census,NA,NA,,,82.2507,number of fish,109.2593,55.3241,27.0086,8.540869241,SE,NA,NA,,,,0,,25.105,number of species,27.8095,22.3333,2.7045,0.855237993,SE,The mean number of species was not different between the ARs even though one was older. The bare sand had the most different community structure,2
3,2022,,,Y,,-8.11275,115.29429,,South Pacific,Offshore,1,New,Sand,High rugosity,High vertical relief,With openings,Concrete,Pyramid,Designed reefs,Roti buaya,Experimental,10,100,m3,NA,10,m2,100, 5-10,m,NA,NA,Habitat,Underwater video census,NA,NA,,,86.7824,number of fish,112.5,60.1852,25.7176,8.132619195,SE,NA,NA,,,,0,,22.294,number of species,26.1905,18.381,3.8965,1.23218149,SE,,2
4,2006,,,Y,,58.886036,110111237,,North Atlantic,Offshore,NA,Established,Sand/mud,Control,Control,Control,Natural,Natural,Bare,Bare sand,Control,6,0,m3,NA,19.63495,m2,19.63495,15.5,m,1,km,Research,Underwater visual census,May,,X,,0.923564958,number of fish,1.24,0.42,0.129184065,0.052739174,SD,,,,,,0,,0.83359264,number of species,1.24,0.42,-0.16591511,-0.06773456,SD,,2
4,2006,,,Y,,58.886036,110111237,,North Atlantic,Offshore,0,New,Sand/mud,Low rugosity,Low vertical relief,No openings,Concrete,Dome,Designed reefs,Roof tiles on concrete,Experimental,6,0.000950332,m3,NA,19.63495,m2,39.26991,15.5,m,1,km,Research,Underwater visual census,May,,X,,4.522292132,number of fish,5.89,2.87,0.558364399,0.227951311,SD,,,,,,0,,2.681181896,number of species,2.9,1.86,-0.089332117,-0.036469684,SD,,2
4,2006,,,Y,,58.886036,110111237,,North Atlantic,Offshore,0,New,Sand/mud,Low rugosity,High vertical relief,No openings,PVC,Pole,Designed reefs,1m pole,Experimental,6,0.00950332,m3,NA,19.63495,m2,58.90486,15.5,m,1,km,Research,Underwater visual census,May,,X,,7.866241257,number of fish,6.87,2.63,-0.40671379,-0.16604021,SD,,,,,,0,,2.513219172,number of species,2.21,1.29,0.123788709,0.050536529,SD,,2
4,2006,,,Y,,58.886036,110111237,,North Atlantic,Offshore,0,New,Sand/mud,Low rugosity,High vertical relief,No openings,PVC,Pole,Designed reefs,3m pole,Experimental,6,0.02851,m3,NA,19.63495,m2,78.53982,15.5,m,1,km,Research,Underwater visual census,May,,X,,8.343948275,number of fish,7.58,3.92,-0.311880577,-0.127324713,SD,,,,,,0,,2,number of species,NA,NA,,0.89,SD,,2
4,2006,,,Y,,58.886036,110111237,,North Atlantic,Offshore,NA,Established,Sand/mud,Control,Control,Control,Natural,Natural,Bare,Bare sand,Control,8,0,m3,NA,19.63495,m2,19.63495,15.5,m,1,km,Research,Underwater visual census,June,,X,,0.923564958,number of fish,6.25,-0.99,1.883179169,0.66580438,SD,,,,,,0,,0.839813385,number of species,1.52,0.24,-0.240482284,-0.085023327,SD,,2
4,2006,,,Y,,58.886036,110111237,,North Atlantic,Offshore,NA,Established,Sand/mud,Control,Control,Control,Natural,Natural,Bare,Bare sand,Control,8,0,m3,NA,19.63495,m2,19.63495,15.5,m,1,km,Research,Underwater visual census,August,,X,,2.643310708,number of fish,1.92,-0.42,-0.255728953,-0.090413839,SD,,,,,,0,,0.895801039,number of species,0.9,-0.14,-0.001484557,-0.00052487,SD,,2
4,2006,,,Y,,58.886036,110111237,,North Atlantic,Offshore,NA,Established,Sand/mud,Control,Control,Control,Natural,Natural,Bare,Bare sand,Control,8,0,m3,NA,19.63495,m2,19.63495,15.5,m,1,km,Research,Underwater visual census,October,,X,,0.828025012,number of fish,1.29,0.37,0.163332823,0.057746874,SD,,,,,,0,,0.379471138,number of species,1.29,0.37,-0.321920566,-0.113816108,SD,,2
4,2006,,,Y,,58.886036,110111237,,North Atlantic,Offshore,0,New,Sand/mud,Low rugosity,Low vertical relief,No openings,Concrete,Dome,Designed reefs,Roof tiles on concrete,Experimental,8,0.000950332,m3,NA,19.63495,m2,39.26991,15.5,m,1,km,Research,Underwater visual census,June,,X,,4.426749756,number of fish,13.55,7.95,3.225556057,1.14040628,SD,,,,,,0,,2.003110491,number of species,3.49,1.85,-0.525694827,-0.185861189,SD,,2
4,2006,,,Y,,58.886036,110111237,,North Atlantic,Offshore,0,New,Sand/mud,Low rugosity,Low vertical relief,No openings,Concrete,Dome,Designed reefs,Roof tiles on concrete,Experimental,8,0.000950332,m3,NA,19.63495,m2,39.26991,15.5,m,1,km,Research,Underwater visual census,August,,X,,10.79617788,number of fish,16.24,11.26,1.924681769,0.680477765,SD,,,,,,0,,2.388802374,number of species,3.26,1.74,-0.308014874,-0.108899703,SD,,2
4,2006,,,Y,,58.886036,110111237,,North Atlantic,Offshore,0,New,Sand/mud,Low rugosity,Low vertical relief,No openings,Concrete,Dome,Designed reefs,Roof tiles on concrete,Experimental,8,0.000950332,m3,NA,19.63495,m2,39.26991,15.5,m,1,km,Research,Underwater visual census,October,,X,,13.78980901,number of fish,6.37,2.63,-2.623298633,-0.927476126,SD,,,,,,0,,2.506998427,number of species,2.53,1.47,-0.008132284,-0.002875197,SD,,2
4,2006,,,Y,,58.886036,110111237,,North Atlantic,Offshore,0,New,Sand/mud,Low rugosity,High vertical relief,No openings,PVC,Pole,Designed reefs,1m pole,Experimental,8,0.00950332,m3,NA,19.63495,m2,58.90486,15.5,m,1,km,Research,Underwater visual census,June,,X,,4.77707018,number of fish,11.2,4.46,2.270848615,0.802866228,SD,,,,,,0,,1.760497641,number of species,4.24,1.52,-0.876636466,-0.309937795,SD,,2
4,2006,,,Y,,58.886036,110111237,,North Atlantic,Offshore,0,New,Sand/mud,Low rugosity,High vertical relief,No openings,PVC,Pole,Designed reefs,1m pole,Experimental,8,0.00950332,m3,NA,19.63495,m2,58.90486,15.5,m,1,km,Research,Underwater visual census,August,,X,,10.28662421,number of fish,22.53,15.97,4.328687023,1.530421974,SD,,,,,,0,,2.245723104,number of species,3.34,1.66,-0.386885307,-0.136784612,SD,,2
4,2006,,,Y,,58.886036,110111237,,North Atlantic,Offshore,0,New,Sand/mud,Low rugosity,High vertical relief,No openings,PVC,Pole,Designed reefs,1m pole,Experimental,8,0.00950332,m3,NA,19.63495,m2,58.90486,15.5,m,1,km,Research,Underwater visual census,October,,X,,19.26751457,number of fish,13.21,7.29,-2.141654815,-0.757189321,SD,,,,,,0,,2.892690548,number of species,2.71,1.79,0.064590863,0.022836318,SD,,2
4,2006,"Wihelmsson, Yahya, Öhman",2/21/2023,Y,"Långholmen, Sweden",58.886036,110111237,,North Atlantic,Offshore,0,New,Sand/mud,Low rugosity,High vertical relief,No openings,PVC,Pole,Designed reefs,3m pole,Experimental,8,0.02851,m3,NA,19.63495,m2,78.53982,15.5,m,1,km,Research,Underwater visual census,June,,X,,5.764330864,number of fish,16.97,8.29,3.961802317,1.400708642,SD,,,,,,0,,2.003110491,number of species,3.89,2.11,-0.667116184,-0.235861189,SD,,2
4,2006,,,Y,,58.886036,110111237,,North Atlantic,Offshore,0,New,Sand/mud,Low rugosity,High vertical relief,No openings,PVC,Pole,Designed reefs,3m pole,Experimental,8,0.02851,m3,NA,19.63495,m2,78.53982,15.5,m,1,km,Research,Underwater visual census,August,,X,,12.61146479,number of fish,19.51,13.99,2.439000514,0.862316901,SD,,,,,,0,,2.506998427,number of species,3.64,1.86,-0.400576548,-0.141625197,SD,,2
4,2006,,,Y,,58.886036,110111237,,North Atlantic,Offshore,0,New,Sand/mud,Low rugosity,High vertical relief,No openings,PVC,Pole,Designed reefs,3m pole,Experimental,8,0.02851,m3,NA,19.63495,m2,78.53982,15.5,m,1,km,Research,Underwater visual census,October,,X,,16.78343893,number of fish,10.75,5.91,-2.133142789,-0.754179866,SD,,,,,,0,,2.749611278,number of species,3.26,1.74,-0.180449663,-0.06379859,SD,,2
5,2022,"Song, Wang et al",2/27/2023,N,"Yellow Sea, China",37.32,122.1,,North Pacific,Offshore,NA,Established,Silt/mud,High rugosity,High vertical relief,With openings,Concrete,Triangle and cube,Designed reefs,Concrete modules,Experimental,3,22,m3,NA,7.7,m2,3.773,25,m,1.5,km,Fishery management,Trap net,,,,,13.137,individuals/unit*day,14.1241,NA,0.9871,0.569902451,SE,981.707,kg/unit*day,1093.75,NA,112.043,64.68805621,SE,5.153,species/unit*day,5.3333,NA,0.1803,0.104096254,SE,"All three types tested enhanced diversity, and concrete reefs generall improve abundance and richness most",3
5,2022,,,N,,37.32,122.1,,North Pacific,Offshore,NA,Established,Silt/mud,High rugosity,Low vertical relief,No openings,Rock,Sphere,Rubble and rocks,Rock pile,Experimental,3,3.1,m3,NA,7.7,m2,3.773,25,m,1.5,km,Fishery management,Trap net,,,,,10.621,individuals/unit*day,11.825,NA,1.204,0.695129724,SE,650.915,kg/unit*day,717.0136,NA,66.0986,38.1620445,SE,4.54,species/unit*day,4.7,NA,0.16,0.092376043,SE,,3
5,2022,,,N,,37.32,122.1,,North Pacific,Offshore,NA,Established,Silt/mud,High rugosity,High vertical relief,With openings,Metal,Ship,Ships,Ship reef,Experimental,3,48,m3,NA,7.7,m2,3.773,25,m,1.5,km,Fishery management,Trap net,,,,,11.739,individuals/unit*day,12.9197,NA,1.1807,0.681677463,SE,1184.451,kg/unit*day,1336.8056,NA,152.3546,87.96196932,SE,4.571,species/unit*day,4.7667,NA,0.1957,0.112987448,SE,,3
5,2022,,,N,,37.32,122.1,,North Pacific,Offshore,NA,Established,Silt/mud,Control,Control,Control,Natural,Natural,Bare,Bare sand,Control,3,0,m3,NA,7.7,m2,3.773,25,m,1.5,km,NA,Trap net,,,,,7.64,individuals/unit*day,8.867,NA,1.227,0.70840878,SE,320.122,kg/unit*day,364.5833,NA,44.4613,25.66974352,SE,3.436,species/unit*day,3.6333,NA,0.1973,0.113911208,SE,,3
6,2022,"Nguyen, Tran, et al",3/25/2023,Y,"Quang Nam, Vietnam",15.52,108.7,,North Pacific,Offshore,1,New,Sand/rock,Low rugosity,High vertical relief,With openings,Concrete,Cylinder,Designed reefs,Cylinder with holes,Experimental,100,"3,392.92",m3,Post AR,150,m2,7500,20,m,1,km,Restoration,Underwater visual census,NA,NA,,,0.7964912,number of fish,,,0.10347691,0.4007643,,NA,NA,,,,0,,6.733333,number of species,,,0.3711843,1.437591,,,2
6,2022,,,Y,,15.52,108.7,,North Pacific,Offshore,2,New,Sand/rock,Low rugosity,High vertical relief,With openings,Concrete,Cylinder,Designed reefs,Cylinder with holes,Experimental,100,"3,392.92",m3,Post AR,150,m2,7500,20,m,1,km,Restoration,Underwater visual census,NA,NA,,,1.6912281,number of fish,,,0.2051871,0.7946862,,NA,NA,,,,0,,10.8,number of species,,,0.6982972,2.704494,,,2
6,2022,,,Y,,15.52,108.7,,North Pacific,Offshore,NA,Established,Sand/rock,Control,Control,Control,Natural,Natural,Bare,Bare sand,Control,100,0,m3,Pre AR,150,m2,7500,20,m,1,km,Natural,Underwater visual census,NA,NA,,,0.2526316,number of fish,,,0.03746343,0.1450953,,NA,NA,,,,0,,3,number of species,,,0.3236694,1.253566,,,2
7,2021,,,Y,,9.7121,101.343,,North Pacific,Offshore,NA,Established,Silt-clay,Control,Control,Control,Natural,Natural,Bare,Bare sand,Control,5,0,m3,NA,NA,NA,160.3,70.48,m,150,km,Natural,Video sampling,NA,NA,,,0.33802935,number of fish,,,0.464787938,1.739077221,,2.545443448,kg,,,1.8181818,6.8030134,,2.79999889,number of species,,,0.9818198,3.6736335,,,3
7,2021,"Harvey, Watts, Saunders, et al",4/1/2023,Y,"Gulf of Thailand, Thailand",9.7121,101.343,,North Pacific,Offshore,11.625,Established,Silt-clay,Low rugosity,High vertical relief,No openings,Metal,Oil rig,Oil rig,Oil platform,Experimental,8,14669.25,m3,NA,415.125,m2,160.3,68.9875,m,150,km,Oil rig,Video sampling,NA,NA,,,2.59557446,number of fish,,,0.484789133,1.042374245,,16.15583147,kg,,,5.3139503,11.425844,,2.80000079,number of species,,,0.2843535,0.6114056,,90% of the fish observed were reef fish even though the nearest reef is 100 km away,3
8,2017,,,Y,,-38.1732,144.8731,,South Pacific,Offshore,0.666666667,New,Inter-reef sediments,High rugosity,Low vertical relief,With openings,Concrete,Dome,Designed reefs,Reef balls,Experimental,3,66.294,m3,NA,50,m2,150,11,m,2,km,Research,Transect,July,,X,,,,,,,0,,,,,,,0,,15.30055,number of species,15.9563,14.6995,0.65575,0.378597439,SE,,1
8,2017,,,Y,,-38.1732,144.8731,,South Pacific,Offshore,1.083333333,New,Inter-reef sediments,High rugosity,Low vertical relief,With openings,Concrete,Dome,Designed reefs,Reef balls,Experimental,3,66.294,m3,NA,50,m2,150,11,m,2,km,Research,Transect,November,,X,,,,,,,0,,,,,,,0,,22.02186,number of species,26.12022,17.9235,4.09836,2.366189249,SE,,1
8,2017,,,Y,,-38.1732,144.8731,,South Pacific,Offshore,1.416666667,New,Inter-reef sediments,High rugosity,Low vertical relief,With openings,Concrete,Dome,Designed reefs,Reef balls,Experimental,3,66.294,m3,NA,50,m2,150,11,m,2,km,Research,Transect,February,,X,,,,,,,0,,,,,,,0,,24.6448,number of species,26.44808,22.95082,1.80328,1.041124193,SE,,1
8,2017,,,Y,,-38.1732,144.8731,,South Pacific,Offshore,NA,Established,Inter-reef sediments,Control,Control,Control,Natural,Natural,Bare,Sediment,Control,3,132.588,m3,NA,50,m2,150,11,m,2,km,Natural,Transect,July,,X,,,,,,,0,,,,,,,0,,7.32241,number of species,9.07104,5.62841,1.74863,1.009572001,SE,,1
8,2017,,,Y,,-38.1732,144.8731,,South Pacific,Offshore,NA,Established,Inter-reef sediments,Control,Control,Control,Natural,Natural,Bare,Sediment,Control,3,265.176,m3,NA,50,m2,150,11,m,2,km,Natural,Transect,November,,X,,,,,,,0,,,,,,,0,,7.9235,number of species,9.94536,6.01093,2.02186,1.167321415,SE,,1
8,2017,,,Y,,-38.1732,144.8731,,South Pacific,Offshore,NA,Established,Inter-reef sediments,Control,Control,Control,Natural,Natural,Bare,Sediment,Control,3,-265.176,m3,NA,50,m2,150,11,m,2,km,Natural,Transect,February,,X,,,,,,,0,,,,,,,0,,13.27869,number of species,15.62842,10.76503,2.34973,1.356617248,SE,,1
8,2017,,,Y,,-38.1732,144.8731,,South Pacific,Offshore,NA,Established,Inter-reef sediments,Control,Control,Control,Natural,Natural,Bare,Sediment,Control,6,0,m3,NA,50,m2,150,11,m,2,km,Natural,Transect,July,,X,,,,,,,0,,,,,,,0,,11.03825,number of species,13.98907,7.97814,2.95082,1.20466722,SE,,1
8,2017,,,Y,,-38.1732,144.8731,,South Pacific,Offshore,NA,Established,Inter-reef sediments,Control,Control,Control,Natural,Natural,Bare,Sediment,Control,6,0,m3,NA,50,m2,150,11,m,2,km,Natural,Transect,November,,X,,,,,,,0,,,,,,,0,,10.3279,number of species,11.63934,9.01639,1.31144,0.535393138,SE,,1
8,2017,,,Y,,-38.1732,144.8731,,South Pacific,Offshore,NA,Established,Inter-reef sediments,Control,Control,Control,Natural,Natural,Bare,Sediment,Control,6,0,m3,NA,50,m2,150,11,m,2,km,Natural,Transect,February,,X,,,,,,,0,,,,,,,0,,12.6776,number of species,14.04372,11.42077,1.36612,0.557716155,SE,,1
8,2017,,,Y,,-38.1732,144.8731,,South Pacific,Offshore,1.666666667,New,Inter-reef sediments,High rugosity,Low vertical relief,With openings,Concrete,Dome,Designed reefs,Reef balls,Experimental,6,66.294,m3,NA,50,m2,150,11,m,2,km,Research,Transect,July,,X,,,,,,,0,,,,,,,0,,16.01093,number of species,17.59563,14.0437,1.5847,0.646951066,SE,,1
8,2017,,,Y,,-38.1732,144.8731,,South Pacific,Offshore,2.666666667,New,Inter-reef sediments,High rugosity,Low vertical relief,With openings,Concrete,Dome,Designed reefs,Reef balls,Experimental,6,198.882,m3,NA,50,m2,150,11,m,2,km,Research,Transect,November,,X,,,,,,,0,,,,,,,0,,19.3443,number of species,26.88525,11.74863,7.54095,3.078579946,SE,,1
8,2017,,,Y,,-38.1732,144.8731,,South Pacific,Offshore,3.666666667,New,Inter-reef sediments,High rugosity,Low vertical relief,With openings,Concrete,Dome,Designed reefs,Reef balls,Experimental,6,331.47,m3,NA,50,m2,150,11,m,2,km,Research,Transect,February,,X,,,,,,,0,,,,,,,0,,20.3279,number of species,25.08198,15.62842,4.75408,1.940845033,SE,,1
9,2015,"Consoli, Martino, et al",4/27/2023,Y,"Tyrrhenian Sea, Sicily",38.25,15,,Mediterranean ,Offshore,37,Established,Sand,High rugosity,High vertical relief,With openings,Metal,Ship,Ships,Metal ship,Experimental,4,24624,m3,NA,200,m2,1200,67.5,m,0.5,km,Accident,ROV,,,,,2737.864169,number of fish,3658.69565,1819.5654,920.831481,460.4157405,SE,,,,,,0,,3.779220936,number of species,3.4914,1.97845,-0.287820936,-0.143910468,SE,,2
9,2015,,,Y,,38.25,15,,Mediterranean ,Offshore,67,Established,Sand,High rugosity,High vertical relief,With openings,Metal,Ship,Ships,Metal ship,Experimental,4,5265,m3,NA,200,m2,1200,63,m,1,km,Accident,ROV,,,,,1485.436559,number of fish,4480.4349,2758.6956,2994.998341,1497.499171,SE,,,,,,0,,2.746753219,number of species,4.4353,3.10344,1.688546781,0.84427339,SE,,2
9,2015,,,Y,,38.25,15,,Mediterranean ,Offshore,65,Established,Sand,High rugosity,High vertical relief,With openings,Metal,Ship,Ships,Metal ship,Experimental,4,6615,m3,NA,200,m2,1200,45,m,0.4,km,Accident,ROV,,,,,3830.09726,number of fish,2064.1306,909.78287,-1765.96666,-882.98333,SE,,,,,,0,,4.480519686,number of species,3.76293,2.59913,-0.717589686,-0.358794843,SE,,2
9,2015,,,Y,,38.25,15,,Mediterranean ,Offshore,69,Established,Sand,High rugosity,High vertical relief,With openings,Metal,Ship,Ships,Metal ship,Experimental,4,14291.2,m3,NA,200,m2,1200,70,m,7,km,Accident,ROV,,,,,1616.504752,number of fish,2152.1742,1056.52199,535.669448,267.834724,SE,,,,,,0,,3.175324037,number of species,4.97845,3.96983,1.803125963,0.901562981,SE,,2
9,2015,,,Y,,38.25,15,,Mediterranean ,Offshore,NA,Established,Sand,Control,Control,Control,Natural,Natural,Bare,Bare sand,Control,4,0,m3,NA,200,m2,1200,67.5,m,0.5,km,Natural,ROV,,,,,14.56288566,number of fish,39.1309,0,24.56801434,12.28400717,SE,,,,,,0,,3.233766188,number of species,3.6983,2.75431,0.464533812,0.232266906,SE,,2
9,2015,,,Y,,38.25,15,,Mediterranean ,Offshore,NA,Established,Sand,Control,Control,Control,Natural,Natural,Bare,Bare sand,Control,4,0,m3,NA,200,m2,1200,63,m,1,km,Natural,ROV,,,,,14.56288566,number of fish,39.1306,0,24.56771434,12.28385717,SE,,,,,,0,,1.480519871,number of species,2.37931,1.56465,0.898790129,0.449395064,SE,,2
9,2015,,,Y,,38.25,15,,Mediterranean ,Offshore,NA,Established,Sand,Control,Control,Control,Natural,Natural,Bare,Bare sand,Control,4,0,m3,NA,200,m2,1200,45,m,0.4,km,Natural,ROV,,,,,14.56288566,number of fish,29.34812,0,14.78523434,7.39261717,SE,,,,,,0,,1.987013062,number of species,1.79743,1.18966,-0.189583062,-0.094791531,SE,,2
9,2015,,,Y,,38.25,15,,Mediterranean ,Offshore,NA,Established,Sand,Control,Control,Control,Natural,Natural,Bare,Bare sand,Control,4,0,m3,NA,200,m2,1200,70,m,7,km,Natural,ROV,,,,,14.56288566,number of fish,29.348,0,14.78511434,7.39255717,SE,,,,,,0,,1.480519871,number of species,1.78448,1.189655,0.303960129,0.151980064,SE,,2
10,2013,,,Y,,54,6.3,,North Atlantic,Offshore,6,Established,Sand,Low rugosity,High vertical relief,No openings,Metal,Oil rig,Platform piece,Research platform anchorage,Experimental,6,128,m3,NA,1,m2,1,28,m,30,km,Research,Underwater visual census,,,,,7.2,number of fish,8.9,5.5,0.694022094,0.283333333,SD,,,,,,0,,14,number of species,NA,NA,,0,,,3
10,2013,,,Y,,54,6.3,,North Atlantic,Offshore,6,Established,Sand,Low rugosity,High vertical relief,No openings,Metal,Oil rig,Platform piece,Research platform 15m junction,Experimental,6,44,m3,NA,1,m2,1,28,m,30,km,Research,Underwater visual census,,,,,0.8,number of fish,1.8,-0.2,0.40824829,0.166666667,SD,,,,,,0,,3,number of species,NA,NA,,0,,,3
10,2013,,,Y,,54,6.3,,North Atlantic,Offshore,6,Established,Sand,Low rugosity,High vertical relief,No openings,Metal,Oil rig,Platform piece,Research platform 5m junction,Experimental,7,44,m3,NA,1,m2,1,28,m,30,km,Research,Underwater visual census,,,,,0.5,number of fish,1.3,-0.3,0.302371578,0.114285714,SD,,,,,,0,,3,number of species,NA,NA,,0,,,3
10,2013,,,Y,,54,6.3,,North Atlantic,Offshore,NA,Established,Sand,Control,Control,Control,Natural,Natural,Bare,Research platform ground,Control,7,0,m3,NA,1,m2,1,32.4,m,30,km,Natural,Transect,,,,,6,number of fish,7.4,4.6,0.529150262,0.2,SD,,,,,,0,,9,number of species,NA,NA,,0,,,3
10,2013,,,Y,,54,6.3,,North Atlantic,Offshore,NA,Established,Sand,Control,Control,Control,Natural,Natural,Bare,Soft bottom,Control,21,0,m3,NA,1,m2,1,32.4,m,30,km,Natural,Video sampling,,,,,4.3,number of fish,5.8,2.8,0.327326835,0.071428571,SD,,,,,,0,,11,number of species,NA,NA,,0,,,3
10,2013,"Krone, Gutow, et al",4/28/2023,Y,"Southern North Sea, Germany",54,6.3,,North Atlantic,Offshore,60.25,Established,Sand,High rugosity,High vertical relief,With openings,Metal,Ship,Ships,Metal ship,Experimental,23,12306.56,m3,NA,1,m2,1,23.225,m,30,km,Accident,Transect,,,,,4.9,number of fish,6,3.8,0.229365855,0.047826087,SD,,,,,,0,,16,number of species,NA,NA,,0,,,3
11,2010,"Boswell, Wells, et al",4/28/2023,Y,"Barataria Bay, Louisiana",29.112,-89.5325,,North Atlantic,Offshore,52,Established,Soft sediment,Low rugosity,High vertical relief,No openings,Metal,Oil rig,Oil rig,Oil platform,Experimental,8,38400000,m3,NA,1,m2,1,16,m,11,km,Oil rig,Acoustic survey,,,,,0.16528926,number of fish,0.17528926,0.15528926,0.01,0.003535534,SE,,,,,,0,,,,,,,0,,,1
11,2010,,,Y,,29.112,-89.5325,,North Atlantic,Offshore,NA,Established,Soft sediment,Control,Control,Control,Natural,Natural,Bare,Soft bottom,Control,8,0,m3,NA,1,m2,1,16,m,11,km,Natural,Acoustic survey,,,,,0.011570261,number of fish,0.021570261,0.001570261,0.01,0.003535534,SE,,,,,,0,,,,,,,0,,,1
12,2009,"Langhammer, Wilhelmsson",4/28/2023,Y,"Lysekil, Sweeden",58.1185,11.2246,,North Atlantic,Offshore,0.1666,New,Sand/mud,Low rugosity,Low vertical relief,No openings,Concrete,Cylinder,Non-designed ,Wave power foundation,Experimental,21,148.44018,m3,NA,5,m2,5,25,m,2,km,Wave power,Underwater visual census,,,,,1.141666685,number of fish,1.39943,0.57507,0.257763315,0.056248567,SE,,,,,,0,,8,number of species,NA,NA,,0,NA,,1
12,2009,,,Y,,58.1185,11.2246,,North Atlantic,Offshore,NA,Established,Sand/mud,Control,Control,Control,Natural,Natural,Bare,Bare sand,Control,21,0,m3,NA,5,m2,5,25,m,3,km,Natural,Underwater visual census,,,,,0.425000068,number of fish,0.875354,0.283286,0.450353932,0.098275285,SE,,,,,,0,,3,number of species,NA,NA,,0,NA,,1
13,2009,"Coll, Abad, et al",4/29/2023,Y,"Mallorca and Formentera, Spain",39.5,2.5,,Mediterranean ,Offshore,NA,Established,Sand,Control,Control,Control,Natural,Natural,Bare,Bare sand,Control,9,,m3,NA,90,m2,90,30,m,9.5,km,Natural,Trap net,,,,,,,,,,0,,789.4,g,1169.3,409.5,379.9,126.6333333,SE,10,number of species,NA,NA,,0,NA,,2
13,2009,,,Y,,39.5,2.5,,Mediterranean ,Offshore,NA,Established,Sand,Control,Control,Control,Natural,Natural,Bare,Bare sand,Control,9,0,m3,NA,90,m2,90,30,m,18.5,km,Natural,Trap net,,,,,,,,,,0,,3438.7,g,4858,2019.4,1419.3,473.1,SE,25,number of species,NA,NA,,0,NA,,2
13,2009,,,Y,,39.5,2.5,,Mediterranean ,Offshore,NA,Established,Sand,Control,Control,Control,Natural,Natural,Bare,Bare sand,Control,9,0,m3,NA,90,m2,90,30,m,,km,Natural,Trap net,,,,,,,,,,0,,10412.2,g,12411,8413.4,1998.8,666.2666667,SE,30,number of species,NA,NA,,0,NA,,2
13,2009,,,Y,,39.5,2.5,,Mediterranean ,Offshore,NA,Established,Sand,Control,Control,Control,Bare,Bare,Bare,Bare sand,Control,9,0,m3,NA,90,m2,90,30,m,,km,Natural,Trap net,,,,,,,,,,0,,4076.7,g,4418,3735.4,341.3,113.7666667,SE,20,number of species,NA,NA,,0,NA,,2
13,2009,,,Y,,39.5,2.5,,Mediterranean ,Offshore,12,Established,Sand,Low rugosity,High vertical relief,With openings,Concrete,Octagon,Designed reefs,Cement block structure,Experimental,9,48000,m3,NA,90,m2,90,30,m,,km,Research,Trap net,,,,,,,,,,0,,1202.2,g,1495.3,909.1,293.1,97.7,SE,14,number of species,NA,NA,,0,NA,,2
13,2009,,,Y,,39.5,2.5,,Mediterranean ,Offshore,12,Established,Sand,Low rugosity,High vertical relief,With openings,Concrete,Octagon,Designed reefs,Cement block structure,Experimental,9,48000,m3,NA,90,m2,90,30,m,1.8,km,Research,Trap net,,,,,,,,,,0,,9153.9,g,11177.3,7130.5,2023.4,674.4666667,SE,34,number of species,NA,NA,,0,NA,,2
13,2009,,,Y,,39.5,2.5,,Mediterranean ,Offshore,12,Established,Sand,Low rugosity,High vertical relief,With openings,Concrete,Octagon,Designed reefs,Cement block structure,Experimental,9,48000,m3,NA,90,m2,90,30,m,,km,Research,Trap net,,,,,,,,,,0,,4080.6,g,4941.4,3219.8,860.8,286.9333333,SE,23,number of species,NA,NA,,0,NA,,2
14,2007,"Terashima, Sato, et al",4/29/2023,Y,"Yenne Tode, Senegal",14.6172,-17.200117,,North Atlantic,Offshore,0,New,Sand,Low rugosity,Low vertical relief,With openings,Concrete,Cube,Designed reefs,Cubic module ,Experimental,5,31.640625,m3,NA,12.56637,m2,25,16,m,30,km,Habitat,Underwater visual census,July,,X,,,,,,,0,,,,,,,0,,1,number of species,,,,0,,,1
14,2007,,,Y,,14.61945,-17.193233,,North Atlantic,Offshore,NA,Established,Sand,Control,Control,Control,Natural,Natural,Bare,Bare sand,Control,5,0,m3,NA,12.56637,m2,25,12,m,30,km,Natural,Underwater visual census,July,,X,,,,,,,0,,,,,,,0,,2,number of species,,,,0,,,1
14,2007,,,Y,,14.6172,-17.200117,,North Atlantic,Offshore,0,New,Sand,Low rugosity,Low vertical relief,With openings,Concrete,Cube,Designed reefs,Cubic module ,Experimental,5,31.640625,m3,NA,12.56637,m2,25,16,m,30,km,Habitat,Underwater visual census,September,,X,,,,,,,0,,,,,,,0,,9,number of species,,,,0,,,1
14,2007,,,Y,,14.61945,-17.193233,,North Atlantic,Offshore,NA,Established,Sand,Control,Control,Control,Natural,Natural,Bare,Bare sand,Control,5,0,m3,NA,12.56637,m2,25,12,m,30,km,Natural,Underwater visual census,September,,X,,,,,,,0,,,,,,,0,,0,number of species,,,,0,,,1
14,2007,,,Y,,14.6172,-17.200117,,North Atlantic,Offshore,0,New,Sand,Low rugosity,Low vertical relief,With openings,Concrete,Cube,Designed reefs,Cubic module ,Experimental,5,31.640625,m3,NA,12.56637,m2,25,16,m,30,km,Habitat,Underwater visual census,September,,X,,,,,,,0,,,,,,,0,,9,number of species,,,,0,,,1
14,2007,,,Y,,14.61945,-17.193233,,North Atlantic,Offshore,NA,Established,Sand,Control,Control,Control,Natural,Natural,Bare,Bare sand,Control,5,0,m3,NA,12.56637,m2,25,12,m,30,km,Natural,Underwater visual census,September,,X,,,,,,,0,,,,,,,0,,0,number of species,,,,0,,,1
14,2007,,,Y,,14.6172,-17.200117,,North Atlantic,Offshore,0,New,Sand,Low rugosity,Low vertical relief,With openings,Concrete,Cube,Designed reefs,Cubic module ,Experimental,5,31.640625,m3,NA,12.56637,m2,25,16,m,30,km,Habitat,Underwater visual census,October,,X,,,,,,,0,,,,,,,0,,14,number of species,,,,0,,,1
14,2007,,,Y,,14.61945,-17.193233,,North Atlantic,Offshore,NA,Established,Sand,Control,Control,Control,Natural,Natural,Bare,Bare sand,Control,5,0,m3,NA,12.56637,m2,25,12,m,30,km,Natural,Underwater visual census,October,,X,,,,,,,0,,,,,,,0,,1,number of species,,,,0,,,1
14,2007,,,Y,,14.6172,-17.200117,,North Atlantic,Offshore,0,New,Sand,Low rugosity,Low vertical relief,With openings,Concrete,Cube,Designed reefs,Cubic module ,Experimental,5,31.640625,m3,NA,12.56637,m2,25,16,m,30,km,Habitat,Underwater visual census,February,,X,,,,,,,0,,,,,,,0,,15,number of species,,,,0,,,1
14,2007,,,Y,,14.61945,-17.193233,,North Atlantic,Offshore,NA,Established,Sand,Control,Control,Control,Natural,Natural,Bare,Bare sand,Control,5,0,m3,NA,12.56637,m2,25,12,m,30,km,Natural,Underwater visual census,February,,X,,,,,,,0,,,,,,,0,,3,number of species,,,,0,,,1
14,2007,,,Y,,14.6172,-17.200117,,North Atlantic,Offshore,0,New,Sand,Low rugosity,Low vertical relief,With openings,Concrete,Cube,Designed reefs,Cubic module ,Experimental,5,31.640625,m3,NA,12.56637,m2,25,16,m,30,km,Habitat,Underwater visual census,February,,X,,,,,,,0,,,,,,,0,,15,number of species,,,,0,,,1
14,2007,,,Y,,14.61945,-17.193233,,North Atlantic,Offshore,NA,Established,Sand,Control,Control,Control,Natural,Natural,Bare,Bare sand,Control,5,0,m3,NA,12.56637,m2,25,12,m,30,km,Natural,Underwater visual census,February,,X,,,,,,,0,,,,,,,0,,3,number of species,,,,0,,,1
14,2007,,,Y,,14.6172,-17.200117,,North Atlantic,Offshore,0,New,Sand,Low rugosity,Low vertical relief,With openings,Concrete,Cube,Designed reefs,Cubic module ,Experimental,5,31.640625,m3,NA,12.56637,m2,25,16,m,30,km,Habitat,Underwater visual census,February,,X,,,,,,,0,,,,,,,0,,14,number of species,,,,0,,,1
14,2007,,,Y,,14.61945,-17.193233,,North Atlantic,Offshore,NA,Established,Sand,Control,Control,Control,Natural,Natural,Bare,Bare sand,Control,5,0,m3,NA,12.56637,m2,25,12,m,30,km,Natural,Underwater visual census,February,,X,,,,,,,0,,,,,,,0,,3,number of species,,,,0,,,1
15,2004,"Morinière,  van der Meij, et al",5/2/2023,Y,"Spanish Water Bay, Curaçao",12.06769,-68.85327,,North Atlantic,Offshore,NA,Established,vegitation,Control,Control,Control,Natural,Natural,Bare,Bare sand,Control,8,0,m3,NA,1,m2,0.8,5,m,,,Natural,Underwater visual census,,,,,1.647058969,number of fish,2.11052,1.15508,0.463461031,0.163858219,SE,,,,,,0,,,,,,,0,,,1
15,2004,,,Y,,12.06769,-68.85327,,North Atlantic,Offshore,NA,New,vegitation,Low rugosity,Low vertical relief,No openings,PVC,Pole,Designed reefs,16 vertical pvc pipes,Experimental,8,0.001130973,m3,NA,1,m2,0.8,5,m,,,Research,Underwater visual census,,,,,1.60649102,number of fish,1.8681,1.326203,0.26160898,0.092492742,SE,,,,,,0,,,,,,,0,,,1
15,2004,,,Y,,12.06769,-68.85327,,North Atlantic,Offshore,NA,New,vegitation,Low rugosity,Low vertical relief,No openings,PVC,Pole,Designed reefs,32 vertical pvc pipes ,Experimental,8,0.002261946,m3,NA,1,m2,0.8,5,m,,,Research,Underwater visual census,,,,,1.60649102,number of fish,1.83957,1.354724,0.23307898,0.082405864,SE,,,,,,0,,,,,,,0,,,1
15,2004,,,Y,,12.06769,-68.85327,,North Atlantic,Offshore,NA,New,vegitation,Low rugosity,Low vertical relief,No openings,PVC,Pole,Designed reefs,64 vertical pvc pipes,Experimental,8,0.004523891,m3,NA,1,m2,0.8,5,m,,,Research,Underwater visual census,,,,,2.888438141,number of fish,3.50089,2.27451,0.612451859,0.216534431,SE,,,,,,0,,,,,,,0,,,1
16,2004,"Fabi, Grati, et al",5/3/2023,Y,"Pesaro, Italy",44.02659,12.91447,,Mediterranean ,Offshore,4,New,Sand/mud,Low rugosity,High vertical relief,No openings,Metal,Oil rig,Oil rig,Oil platform,Experimental,30,14200,m3,NA,1500,m2,1500,21.5,m,16,km,Oil rig,Trap net,,,,,97.08737864,number of fish,150.5576194,NA,53.47024073,9.762285667,SE,7.857143228,kg,11.60492767,NA,3.747784439,0.684248693,SE,13.7967769,number of species,15.40106723,11.71122884,1.604290331,0.292902001,SE,,3
16,2004,,,Y,,44.02659,12.91447,,Mediterranean ,Offshore,4,New,Sand/mud,Low rugosity,High vertical relief,No openings,Metal,Oil rig,Oil rig,Oil platform,Experimental,30,9500,m3,NA,1500,m2,1500,21.5,m,35,km,Oil rig,Trap net,,,,,44.66017936,number of fish,57.62085712,NA,12.96067776,2.36628519,SE,6.224487916,kg,8.518507477,NA,2.294019562,0.418828754,SE,14.75935354,number of species,16.20320627,12.67379325,1.44385273,0.263610237,SE,,3
16,2004,,,Y,,44.02659,12.91447,,Mediterranean ,Offshore,4,New,Sand/mud,Low rugosity,High vertical relief,No openings,Metal,Oil rig,Oil rig,Oil platform,Experimental,30,14200,m3,NA,1500,m2,1500,21.5,m,16,km,Oil rig,Trap net,,,,,96.11651967,number of fish,158.9218744,NA,62.80535477,11.46663651,SE,7.755096189,kg,11.97530657,NA,4.220210378,0.770501474,SE,19.25133709,number of species,20.85561519,17.80748436,1.604278091,0.292899766,SE,,3
16,2004,,,Y,,44.02659,12.91447,,Mediterranean ,Offshore,4,New,Sand/mud,Low rugosity,High vertical relief,No openings,Metal,Oil rig,Oil rig,Oil platform,Experimental,30,9500,m3,NA,1500,m2,1500,21.5,m,35,km,Oil rig,Trap net,,,,,145.631068,number of fish,183.0854986,NA,37.4544306,6.838212173,SE,17.04081622,kg,22.83950469,NA,5.79868847,1.058690826,SE,9.465237066,number of species,10.74865832,8.181803578,1.283421249,0.23431959,SE,,3
16,2004,,,Y,,44.02659,12.91447,,Mediterranean ,Offshore,4,New,Sand/mud,Low rugosity,High vertical relief,No openings,Metal,Oil rig,Oil rig,Oil platform,Experimental,30,14200,m3,NA,1500,m2,1500,21.5,m,16,km,Oil rig,Trap net,,,,,92.23300971,number of fish,208.178441,NA,115.9454313,21.16864273,SE,9.387755393,kg,15.92592535,NA,6.538169957,1.193701057,SE,11.22994664,number of species,12.67379325,10.26737611,1.44384661,0.263609119,SE,,3
16,2004,,,Y,,44.02659,12.91447,,Mediterranean ,Offshore,4,New,Sand/mud,Low rugosity,High vertical relief,No openings,Metal,Oil rig,Oil rig,Oil platform,Experimental,30,9500,m3,NA,1500,m2,1500,21.5,m,35,km,Oil rig,Trap net,,,,,375.7281627,number of fish,395.9107795,NA,20.18261674,3.684824819,SE,46.02040811,kg,50.61728404,NA,4.596875928,0.83927088,SE,9.304811705,number of species,10.26737611,8.181803578,0.962564407,0.175739413,SE,,3
16,2004,,,Y,,44.02659,12.91447,,Mediterranean ,Offshore,NA,Established,Sand/mud,Control,Control,Control,Natural,Natural,Bare,Bare sand,Control,35,0,m3,NA,1500,m2,1500,21.5,m,16,km,Natural,Trap net,,,,,112.6213444,number of fish,186.8029137,NA,74.18156934,12.53897379,SE,6.734691971,kg,10.49382393,NA,3.759131963,0.635409274,SE,14.75935354,number of species,16.36363163,12.67379325,1.604278091,0.271172491,SE,,3
16,2004,,,Y,,44.02659,12.91447,,Mediterranean ,Offshore,NA,Established,Sand/mud,Control,Control,Control,Natural,Natural,Bare,Bare sand,Control,35,0,m3,NA,1500,m2,1500,21.5,m,35,km,Natural,Trap net,,,,,33.98058252,number of fish,44.60969126,NA,10.62910873,1.796647294,SE,5.612244607,kg,6.543209859,NA,0.930965252,0.157361849,SE,8.823529502,number of species,10.42780759,7.05881993,1.604278091,0.271172491,SE,,3
16,2004,,,Y,,44.02659,12.91447,,Mediterranean ,Offshore,NA,Established,Sand/mud,Control,Control,Control,Natural,Natural,Bare,Bare sand,Control,35,0,m3,NA,1500,m2,1500,21.5,m,16,km,Natural,Trap net,,,,,88.34949975,number of fish,171.003722,NA,82.6542222,13.97111351,SE,6.632652717,kg,10.98764363,NA,4.354990912,0.73612782,SE,15.40106723,number of species,17.00534532,14.11764598,1.604278091,0.271172491,SE,,3
16,2004,,,Y,,44.02659,12.91447,,Mediterranean ,Offshore,NA,Established,Sand/mud,Control,Control,Control,Natural,Natural,Bare,Bare sand,Control,35,0,m3,NA,1500,m2,1500,21.5,m,35,km,Natural,Trap net,,,,,48.54368932,number of fish,69.70259828,NA,21.15890896,3.576508386,SE,3.979593187,kg,5.18518215,NA,1.205588963,0.203781728,SE,12.19249881,number of species,13.31550693,10.74865832,1.123008127,0.189823019,SE,,3
16,2004,,,Y,,44.02659,12.91447,,Mediterranean ,Offshore,NA,Established,Sand/mud,Control,Control,Control,Natural,Natural,Bare,Bare sand,Control,35,0,m3,NA,1500,m2,1500,21.5,m,16,km,Natural,Trap net,,,,,73.78639295,number of fish,162.6394314,NA,88.85303848,15.0189047,SE,7.142856772,kg,13.95061831,NA,6.807761541,1.150721726,SE,9.144380224,number of species,10.42780759,8.181803578,1.283427369,0.21693882,SE,,3
16,2004,,,Y,,44.02659,12.91447,,Mediterranean ,Offshore,NA,Established,Sand/mud,Control,Control,Control,Natural,Natural,Bare,Bare sand,Control,35,0,m3,NA,1500,m2,1500,21.5,m,35,km,Natural,Trap net,,,,,19.41747573,number of fish,21.37549183,NA,1.958016105,0.330965128,SE,4.285718734,kg,5.18518215,NA,0.899463416,0.152037067,SE,11.22994664,number of species,12.35293641,10.26737611,1.122989768,0.189819916,SE,,3
17,2002,,,Y,,44.02659,12.91447,,Mediterranean ,Offshore,2,New,Silt-clay,Low rugosity,High vertical relief,No openings,Metal,Oil rig,Oil rig,Oil platform,Experimental,11,9500,m3,NA,500,m2,500,21,m,13.67942,km,Oil rig,Trap net,,,,,151.1,number of fish,,,,0,,8.54,kg,,,,0,,NA,NA,,,,0,,,2
17,2002,,,Y,,44.02659,12.91447,,Mediterranean ,Offshore,NA,Established,Silt-clay,Control,Control,Control,Natural,Natural,Bare,Bare sand,Control,11,0,m3,NA,500,m2,500,21,m,13.67942,km,Natural,Trap net,,,,,134.8,number of fish,,,,0,,8.78,kg,,,,0,,NA,NA,,,,0,,,2
17,2002,"Fabi, Grati, et al",5/3/2023,Y,"Pesaro, Italy",44.02659,12.91447,,Mediterranean ,Offshore,1,New,Silt-clay,Low rugosity,High vertical relief,No openings,Metal,Oil rig,Oil rig,Oil platform,Experimental,12,9500,m3,NA,500,m2,500,21,m,13.67942,km,Oil rig,Trap net,,,,,128,number of fish,,,,0,,9.51,kg,,,,0,,NA,NA,,,,0,,,2
17,2002,,,Y,,44.02659,12.91447,,Mediterranean ,Offshore,NA,Established,Silt-clay,Control,Control,Control,Natural,Natural,Bare,Bare sand,Control,12,0,m3,NA,500,m2,500,21,m,13.67942,km,Natural,Trap net,,,,,133,number of fish,,,,0,,10.04,kg,,,,0,,NA,NA,,,,0,,,2
18,2002,,,Y,,28.1529,-16.22923,,North Atlantic,Offshore,NA,Established,Sand,NA,NA,NA,Natural,Natural,Natural reef,Natural reef,NA,1,0,m3,NA,98.52,m2,2315.23,18,m,0.4,km,Natural,Underwater visual census,,,,,,,,,,0,,,,,,,0,,20,number of species,,,,0,,,1
18,2002,,,Y,,28.1529,-16.22923,,North Atlantic,Offshore,NA,Established,Sand,Control,Control,Control,Natural,Natural,Bare,Bare sand,Control,35,0,m3,NA,98.52,m2,2315.23,23,m,0.4,km,Natural,Underwater visual census,,,,,,,,,,0,,,,,,,0,,15,number of species,,,,0,,,1
18,2002,"Herrera, Espino, et al",5/3/2023,Y,"Canary Islands, Spain",28.1529,-16.22923,,North Atlantic,Offshore,NA,New,Sand,Low rugosity,High vertical relief,With openings,Concrete,Cube,Designed reefs,Concrete modules,Experimental,35,"1,022.70",m3,NA,98.52,m2,2315.23,23.5,m,0.4,km,Research,Underwater visual census,,,,,,,,,,0,,,,,,,0,,17,number of species,,,,0,,,1
18,2002,,,Y,,28.1529,-16.22923,,North Atlantic,Offshore,NA,New,Sand,High rugosity,High vertical relief,With openings,Concrete,Cube,Designed reefs,Concrete modules,Experimental,85,680,m3,NA,98.52,m2,2315.23,23,m,0.4,km,Research,Underwater visual census,,,,,,,,,,0,,,,,,,0,,53,number of species,,,,0,,,1
19,1999,Clark and Edwards,5/3/2023,Y,"Malé, Maldeves",4.20266,73.50592,,Indian Ocean,Offshore,0.023972542,New,Sand,High rugosity,Low vertical relief,With openings,Concrete,Cube,Designed reefs,Shepard Hill Energy Dissipator,Experimental,3,50,m3,NA,50,m2,50,1.15,m,2.4,km,Research,Underwater visual census,,,,,192.4528276,number of fish,,,,0,,,,,,,0,,,,,,,0,,,1
19,1999,,,Y,,4.20266,73.50592,,Indian Ocean,Offshore,0.054794513,New,Sand,High rugosity,Low vertical relief,With openings,Concrete,Cube,Designed reefs,Shepard Hill Energy Dissipator,Experimental,3,50,m3,NA,50,m2,50,1.15,m,2.4,km,Research,Underwater visual census,,,,,297.1698407,number of fish,,,,0,,,,,,,0,,,,,,,0,,,1
19,1999,,,Y,,4.20266,73.50592,,Indian Ocean,Offshore,0.075342406,New,Sand,High rugosity,Low vertical relief,With openings,Concrete,Cube,Designed reefs,Shepard Hill Energy Dissipator,Experimental,3,50,m3,NA,50,m2,50,1.15,m,2.4,km,Research,Underwater visual census,,,,,250.4717337,number of fish,,,,0,,,,,,,0,,,,,,,0,,,1
19,1999,,,Y,,4.20266,73.50592,,Indian Ocean,Offshore,0.106164377,New,Sand,High rugosity,Low vertical relief,With openings,Concrete,Cube,Designed reefs,Shepard Hill Energy Dissipator,Experimental,3,50,m3,NA,50,m2,50,1.15,m,2.4,km,Research,Underwater visual census,,,,,333.9622756,number of fish,,,,0,,,,,,,0,,,,,,,0,,,1
19,1999,,,Y,,4.20266,73.50592,,Indian Ocean,Offshore,0.136986217,New,Sand,High rugosity,Low vertical relief,With openings,Concrete,Cube,Designed reefs,Shepard Hill Energy Dissipator,Experimental,3,50,m3,NA,50,m2,50,1.15,m,2.4,km,Research,Underwater visual census,,,,,380.6603826,number of fish,,,,0,,,,,,,0,,,,,,,0,,,1
19,1999,,,Y,,4.20266,73.50592,,Indian Ocean,Offshore,0.202054763,New,Sand,High rugosity,Low vertical relief,With openings,Concrete,Cube,Designed reefs,Shepard Hill Energy Dissipator,Experimental,3,50,m3,NA,50,m2,50,1.15,m,2.4,km,Research,Underwater visual census,,,,,210.8490451,number of fish,,,,0,,,,,,,0,,,,,,,0,,,1
19,1999,,,Y,,4.20266,73.50592,,Indian Ocean,Offshore,0.208904105,New,Sand,High rugosity,Low vertical relief,With openings,Concrete,Cube,Designed reefs,Shepard Hill Energy Dissipator,Experimental,3,50,m3,NA,50,m2,50,1.15,m,2.4,km,Research,Underwater visual census,,,,,257.5472061,number of fish,,,,0,,,,,,,0,,,,,,,0,,,1
19,1999,,,Y,,4.20266,73.50592,,Indian Ocean,Offshore,0.260273968,New,Sand,High rugosity,Low vertical relief,With openings,Concrete,Cube,Designed reefs,Shepard Hill Energy Dissipator,Experimental,3,50,m3,NA,50,m2,50,1.15,m,2.4,km,Research,Underwater visual census,,,,,352.358493,number of fish,,,,0,,,,,,,0,,,,,,,0,,,1
19,1999,,,Y,,4.20266,73.50592,,Indian Ocean,Offshore,0.349315014,New,Sand,High rugosity,Low vertical relief,With openings,Concrete,Cube,Designed reefs,Shepard Hill Energy Dissipator,Experimental,3,50,m3,NA,50,m2,50,1.15,m,2.4,km,Research,Underwater visual census,,,,,273.1132238,number of fish,,,,0,,,,,,,0,,,,,,,0,,,1
19,1999,,,Y,,4.20266,73.50592,,Indian Ocean,Offshore,0.400684878,New,Sand,High rugosity,Low vertical relief,With openings,Concrete,Cube,Designed reefs,Shepard Hill Energy Dissipator,Experimental,3,50,m3,NA,50,m2,50,1.15,m,2.4,km,Research,Underwater visual census,,,,,192.4528276,number of fish,,,,0,,,,,,,0,,,,,,,0,,,1
19,1999,,,Y,,4.20266,73.50592,,Indian Ocean,Offshore,0.503424605,New,Sand,High rugosity,Low vertical relief,With openings,Concrete,Cube,Designed reefs,Shepard Hill Energy Dissipator,Experimental,3,50,m3,NA,50,m2,50,1.15,m,2.4,km,Research,Underwater visual census,,,,,223.584917,number of fish,,,,0,,,,,,,0,,,,,,,0,,,1
19,1999,,,Y,,4.20266,73.50592,,Indian Ocean,Offshore,0.592465781,New,Sand,High rugosity,Low vertical relief,With openings,Concrete,Cube,Designed reefs,Shepard Hill Energy Dissipator,Experimental,3,50,m3,NA,50,m2,50,1.15,m,2.4,km,Research,Underwater visual census,,,,,329.717003,number of fish,,,,0,,,,,,,0,,,,,,,0,,,1
19,1999,,,Y,,4.20266,73.50592,,Indian Ocean,Offshore,0.684931432,New,Sand,High rugosity,Low vertical relief,With openings,Concrete,Cube,Designed reefs,Shepard Hill Energy Dissipator,Experimental,3,50,m3,NA,50,m2,50,1.15,m,2.4,km,Research,Underwater visual census,,,,,219.3396443,number of fish,,,,0,,,,,,,0,,,,,,,0,,,1
19,1999,,,Y,,4.20266,73.50592,,Indian Ocean,Offshore,0.866438389,New,Sand,High rugosity,Low vertical relief,With openings,Concrete,Cube,Designed reefs,Shepard Hill Energy Dissipator,Experimental,3,50,m3,NA,50,m2,50,1.15,m,2.4,km,Research,Underwater visual census,,,,,290.0943683,number of fish,,,,0,,,,,,,0,,,,,,,0,,,1
19,1999,,,Y,,4.20266,73.50592,,Indian Ocean,Offshore,1.130136919,New,Sand,High rugosity,Low vertical relief,With openings,Concrete,Cube,Designed reefs,Shepard Hill Energy Dissipator,Experimental,3,50,m3,NA,50,m2,50,1.15,m,2.4,km,Research,Underwater visual census,,,,,560.3774193,number of fish,,,,0,,,,,,,0,,,,,,,0,,,1
19,1999,,,Y,,4.20266,73.50592,,Indian Ocean,Offshore,1.287671116,New,Sand,High rugosity,Low vertical relief,With openings,Concrete,Cube,Designed reefs,Shepard Hill Energy Dissipator,Experimental,3,50,m3,NA,50,m2,50,1.15,m,2.4,km,Research,Underwater visual census,,,,,377.8302369,number of fish,,,,0,,,,,,,0,,,,,,,0,,,1
19,1999,,,Y,,4.20266,73.50592,,Indian Ocean,Offshore,1.616438454,New,Sand,High rugosity,Low vertical relief,With openings,Concrete,Cube,Designed reefs,Shepard Hill Energy Dissipator,Experimental,3,50,m3,NA,50,m2,50,1.15,m,2.4,km,Research,Underwater visual census,,,,,629.7170435,number of fish,,,,0,,,,,,,0,,,,,,,0,,,1
19,1999,,,Y,,4.20266,73.50592,,Indian Ocean,Offshore,1.993150789,New,Sand,High rugosity,Low vertical relief,With openings,Concrete,Cube,Designed reefs,Shepard Hill Energy Dissipator,Experimental,3,50,m3,NA,50,m2,50,1.15,m,2.4,km,Research,Underwater visual census,,,,,363.6792921,number of fish,,,,0,,,,,,,0,,,,,,,0,,,1
19,1999,,,Y,,4.20266,73.50592,,Indian Ocean,Offshore,2.48972614,New,Sand,High rugosity,Low vertical relief,With openings,Concrete,Cube,Designed reefs,Shepard Hill Energy Dissipator,Experimental,3,50,m3,NA,50,m2,50,1.15,m,2.4,km,Research,Underwater visual census,,,,,277.3584964,number of fish,,,,0,,,,,,,0,,,,,,,0,,,1
19,1999,,,Y,,4.20266,73.50592,,Indian Ocean,Offshore,3.07191767,New,Sand,High rugosity,Low vertical relief,With openings,Concrete,Cube,Designed reefs,Shepard Hill Energy Dissipator,Experimental,3,50,m3,NA,50,m2,50,1.15,m,2.4,km,Research,Underwater visual census,,,,,509.4340127,number of fish,,,,0,,,,,,,0,,,,,,,0,,,1
19,1999,,,Y,,4.20266,73.50592,,Indian Ocean,Offshore,3.452054872,New,Sand,High rugosity,Low vertical relief,With openings,Concrete,Cube,Designed reefs,Shepard Hill Energy Dissipator,Experimental,3,50,m3,NA,50,m2,50,1.15,m,2.4,km,Research,Underwater visual census,,,,,575.943437,number of fish,,,,0,,,,,,,0,,,,,,,0,,,1
19,1999,,,Y,,4.20266,73.50592,,Indian Ocean,Offshore,0,New,Sand,High rugosity,Low vertical relief,No openings,Concrete,Cube,Non-designed ,Armorflex -220,Experimental,3,7.5,m3,NA,50,m2,50,1.15,m,2.4,km,Research,Underwater visual census,,,,,58.01885207,number of fish,,,,0,,,,,,,0,,,,,,,0,,,1
19,1999,,,Y,,4.20266,73.50592,,Indian Ocean,Offshore,0.047945171,New,Sand,High rugosity,Low vertical relief,No openings,Concrete,Cube,Non-designed ,Armorflex -220,Experimental,3,7.5,m3,NA,50,m2,50,1.15,m,2.4,km,Research,Underwater visual census,,,,,147.1697935,number of fish,,,,0,,,,,,,0,,,,,,,0,,,1
19,1999,,,Y,,4.20266,73.50592,,Indian Ocean,Offshore,0.099315035,New,Sand,High rugosity,Low vertical relief,No openings,Concrete,Cube,Non-designed ,Armorflex -220,Experimental,3,7.5,m3,NA,50,m2,50,1.15,m,2.4,km,Research,Underwater visual census,,,,,90.56601431,number of fish,,,,0,,,,,,,0,,,,,,,0,,,1
19,1999,,,Y,,4.20266,73.50592,,Indian Ocean,Offshore,0.219178051,New,Sand,High rugosity,Low vertical relief,No openings,Concrete,Cube,Non-designed ,Armorflex -220,Experimental,3,7.5,m3,NA,50,m2,50,1.15,m,2.4,km,Research,Underwater visual census,,,,,113.2075584,number of fish,,,,0,,,,,,,0,,,,,,,0,,,1
19,1999,,,Y,,4.20266,73.50592,,Indian Ocean,Offshore,0.304794491,New,Sand,High rugosity,Low vertical relief,No openings,Concrete,Cube,Non-designed ,Armorflex -220,Experimental,3,7.5,m3,NA,50,m2,50,1.15,m,2.4,km,Research,Underwater visual census,,,,,159.9055574,number of fish,,,,0,,,,,,,0,,,,,,,0,,,1
19,1999,,,Y,,4.20266,73.50592,,Indian Ocean,Offshore,0.400684878,New,Sand,High rugosity,Low vertical relief,No openings,Concrete,Cube,Non-designed ,Armorflex -220,Experimental,3,7.5,m3,NA,50,m2,50,1.15,m,2.4,km,Research,Underwater visual census,,,,,142.9245209,number of fish,,,,0,,,,,,,0,,,,,,,0,,,1
19,1999,,,Y,,4.20266,73.50592,,Indian Ocean,Offshore,0.578767099,New,Sand,High rugosity,Low vertical relief,No openings,Concrete,Cube,Non-designed ,Armorflex -220,Experimental,3,7.5,m3,NA,50,m2,50,1.15,m,2.4,km,Research,Underwater visual census,,,,,165.5660649,number of fish,,,,0,,,,,,,0,,,,,,,0,,,1
19,1999,,,Y,,4.20266,73.50592,,Indian Ocean,Offshore,1.006849298,New,Sand,High rugosity,Low vertical relief,No openings,Concrete,Cube,Non-designed ,Armorflex -220,Experimental,3,7.5,m3,NA,50,m2,50,1.15,m,2.4,km,Research,Underwater visual census,,,,,165.5660649,number of fish,,,,0,,,,,,,0,,,,,,,0,,,1
19,1999,,,Y,,4.20266,73.50592,,Indian Ocean,Offshore,1.434931497,New,Sand,High rugosity,Low vertical relief,No openings,Concrete,Cube,Non-designed ,Armorflex -220,Experimental,3,7.5,m3,NA,50,m2,50,1.15,m,2.4,km,Research,Underwater visual census,,,,,193.8679545,number of fish,,,,0,,,,,,,0,,,,,,,0,,,1
19,1999,,,Y,,4.20266,73.50592,,Indian Ocean,Offshore,1.770548046,New,Sand,High rugosity,Low vertical relief,No openings,Concrete,Cube,Non-designed ,Armorflex -220,Experimental,3,7.5,m3,NA,50,m2,50,1.15,m,2.4,km,Research,Underwater visual census,,,,,166.9810298,number of fish,,,,0,,,,,,,0,,,,,,,0,,,1
19,1999,,,Y,,4.20266,73.50592,,Indian Ocean,Offshore,2.205479456,New,Sand,High rugosity,Low vertical relief,No openings,Concrete,Cube,Non-designed ,Armorflex -220,Experimental,3,7.5,m3,NA,50,m2,50,1.15,m,2.4,km,Research,Underwater visual census,,,,,130.1887029,number of fish,,,,0,,,,,,,0,,,,,,,0,,,1
19,1999,,,Y,,4.20266,73.50592,,Indian Ocean,Offshore,2.787671508,New,Sand,High rugosity,Low vertical relief,No openings,Concrete,Cube,Non-designed ,Armorflex -220,Experimental,3,7.5,m3,NA,50,m2,50,1.15,m,2.4,km,Research,Underwater visual census,,,,,100.4716865,number of fish,,,,0,,,,,,,0,,,,,,,0,,,1
19,1999,,,Y,,4.20266,73.50592,,Indian Ocean,Offshore,3.160958977,New,Sand,High rugosity,Low vertical relief,No openings,Concrete,Cube,Non-designed ,Armorflex -220,Experimental,3,7.5,m3,NA,50,m2,50,1.15,m,2.4,km,Research,Underwater visual census,,,,,168.3962107,number of fish,,,,0,,,,,,,0,,,,,,,0,,,1
19,1999,,,Y,,4.20266,73.50592,,Indian Ocean,Offshore,0.020547937,New,Sand,High rugosity,Low vertical relief,No openings,Concrete,Cube,Non-designed ,Armorflex -220 with transplanted corals,Experimental,3,7.5,m3,NA,50,m2,50,1.15,m,2.4,km,Research,Underwater visual census,,,,,125.9433763,,,,,0,,,,,,,0,,,,,,,0,,,1
19,1999,,,Y,,4.20266,73.50592,,Indian Ocean,Offshore,0.051369777,New,Sand,High rugosity,Low vertical relief,No openings,Concrete,Cube,Non-designed ,Armorflex -220 with transplanted corals,Experimental,3,7.5,m3,NA,50,m2,50,1.15,m,2.4,km,Research,Underwater visual census,,,,,161.3207383,,,,,0,,,,,,,0,,,,,,,0,,,1
19,1999,,,Y,,4.20266,73.50592,,Indian Ocean,Offshore,0.099315035,New,Sand,High rugosity,Low vertical relief,No openings,Concrete,Cube,Non-designed ,Armorflex -220 with transplanted corals,Experimental,3,7.5,m3,NA,50,m2,50,1.15,m,2.4,km,Research,Underwater visual census,,,,,155.6603928,,,,,0,,,,,,,0,,,,,,,0,,,1
19,1999,,,Y,,4.20266,73.50592,,Indian Ocean,Offshore,0.222602657,New,Sand,High rugosity,Low vertical relief,No openings,Concrete,Cube,Non-designed ,Armorflex -220 with transplanted corals,Experimental,3,7.5,m3,NA,50,m2,50,1.15,m,2.4,km,Research,Underwater visual census,,,,,141.509448,,,,,0,,,,,,,0,,,,,,,0,,,1
19,1999,,,Y,,4.20266,73.50592,,Indian Ocean,Offshore,0.301369755,New,Sand,High rugosity,Low vertical relief,No openings,Concrete,Cube,Non-designed ,Armorflex -220 with transplanted corals,Experimental,3,7.5,m3,NA,50,m2,50,1.15,m,2.4,km,Research,Underwater visual census,,,,,208.0188993,,,,,0,,,,,,,0,,,,,,,0,,,1
19,1999,,,Y,,4.20266,73.50592,,Indian Ocean,Offshore,0.397260272,New,Sand,High rugosity,Low vertical relief,No openings,Concrete,Cube,Non-designed ,Armorflex -220 with transplanted corals,Experimental,3,7.5,m3,NA,50,m2,50,1.15,m,2.4,km,Research,Underwater visual census,,,,,217.9245175,,,,,0,,,,,,,0,,,,,,,0,,,1
19,1999,,,Y,,4.20266,73.50592,,Indian Ocean,Offshore,0.575342493,New,Sand,High rugosity,Low vertical relief,No openings,Concrete,Cube,Non-designed ,Armorflex -220 with transplanted corals,Experimental,3,7.5,m3,NA,50,m2,50,1.15,m,2.4,km,Research,Underwater visual census,,,,,212.264172,,,,,0,,,,,,,0,,,,,,,0,,,1
19,1999,,,Y,,4.20266,73.50592,,Indian Ocean,Offshore,1.006849298,New,Sand,High rugosity,Low vertical relief,No openings,Concrete,Cube,Non-designed ,Armorflex -220 with transplanted corals,Experimental,3,7.5,m3,NA,50,m2,50,1.15,m,2.4,km,Research,Underwater visual census,,,,,227.8301896,,,,,0,,,,,,,0,,,,,,,0,,,1
19,1999,,,Y,,4.20266,73.50592,,Indian Ocean,Offshore,1.417808209,New,Sand,High rugosity,Low vertical relief,No openings,Concrete,Cube,Non-designed ,Armorflex -220 with transplanted corals,Experimental,3,7.5,m3,NA,50,m2,50,1.15,m,2.4,km,Research,Underwater visual census,,,,,202.3584998,,,,,0,,,,,,,0,,,,,,,0,,,1
19,1999,,,Y,,4.20266,73.50592,,Indian Ocean,Offshore,1.722602787,New,Sand,High rugosity,Low vertical relief,No openings,Concrete,Cube,Non-designed ,Armorflex -220 with transplanted corals,Experimental,3,7.5,m3,NA,50,m2,50,1.15,m,2.4,km,Research,Underwater visual census,,,,,244.8113342,,,,,0,,,,,,,0,,,,,,,0,,,1
19,1999,,,Y,,4.20266,73.50592,,Indian Ocean,Offshore,2.297945106,New,Sand,High rugosity,Low vertical relief,No openings,Concrete,Cube,Non-designed ,Armorflex -220 with transplanted corals,Experimental,3,7.5,m3,NA,50,m2,50,1.15,m,2.4,km,Research,Underwater visual census,,,,,161.3207383,,,,,0,,,,,,,0,,,,,,,0,,,1
19,1999,,,Y,,4.20266,73.50592,,Indian Ocean,Offshore,2.784246641,New,Sand,High rugosity,Low vertical relief,No openings,Concrete,Cube,Non-designed ,Armorflex -220 with transplanted corals,Experimental,3,7.5,m3,NA,50,m2,50,1.15,m,2.4,km,Research,Underwater visual census,,,,,152.830085,,,,,0,,,,,,,0,,,,,,,0,,,1
19,1999,,,Y,,4.20266,73.50592,,Indian Ocean,Offshore,3.15753411,New,Sand,High rugosity,Low vertical relief,No openings,Concrete,Cube,Non-designed ,Armorflex -220 with transplanted corals,Experimental,3,7.5,m3,NA,50,m2,50,1.15,m,2.4,km,Research,Underwater visual census,,,,,215.0943717,,,,,0,,,,,,,0,,,,,,,0,,,1
19,1999,,,Y,,4.20266,73.50592,,Indian Ocean,Offshore,0.054794513,New,Sand,Low rugosity,Low vertical relief,No openings,Metal,Fence,Non-designed ,Chain link fence,Experimental,3,0.18795,m3,NA,50,m2,50,1.15,m,2.4,km,Research,Underwater visual census,,,,,87.73586854,,,,,0,,,,,,,0,,,,,,,0,,,1
19,1999,,,Y,,4.20266,73.50592,,Indian Ocean,Offshore,0.102739641,New,Sand,Low rugosity,Low vertical relief,No openings,Metal,Fence,Non-designed ,Chain link fence,Experimental,3,0.18795,m3,NA,50,m2,50,1.15,m,2.4,km,Research,Underwater visual census,,,,,67.92441626,,,,,0,,,,,,,0,,,,,,,0,,,1
19,1999,,,Y,,4.20266,73.50592,,Indian Ocean,Offshore,0.304794491,New,Sand,Low rugosity,Low vertical relief,No openings,Metal,Fence,Non-designed ,Chain link fence,Experimental,3,0.18795,m3,NA,50,m2,50,1.15,m,2.4,km,Research,Underwater visual census,,,,,106.132086,,,,,0,,,,,,,0,,,,,,,0,,,1
19,1999,,,Y,,4.20266,73.50592,,Indian Ocean,Offshore,0.407534219,New,Sand,Low rugosity,Low vertical relief,No openings,Metal,Fence,Non-designed ,Chain link fence,Experimental,3,0.18795,m3,NA,50,m2,50,1.15,m,2.4,km,Research,Underwater visual census,,,,,65.09432447,,,,,0,,,,,,,0,,,,,,,0,,,1
19,1999,,,Y,,4.20266,73.50592,,Indian Ocean,Offshore,0.582191704,New,Sand,Low rugosity,Low vertical relief,No openings,Metal,Fence,Non-designed ,Chain link fence,Experimental,3,0.18795,m3,NA,50,m2,50,1.15,m,2.4,km,Research,Underwater visual census,,,,,76.41506951,,,,,0,,,,,,,0,,,,,,,0,,,1
19,1999,,,Y,,4.20266,73.50592,,Indian Ocean,Offshore,1.017123375,New,Sand,Low rugosity,Low vertical relief,No openings,Metal,Fence,Non-designed ,Chain link fence,Experimental,3,0.18795,m3,NA,50,m2,50,1.15,m,2.4,km,Research,Underwater visual census,,,,,111.7924315,,,,,0,,,,,,,0,,,,,,,0,,,1
19,1999,,,Y,,4.20266,73.50592,,Indian Ocean,Offshore,1.431506892,New,Sand,Low rugosity,Low vertical relief,No openings,Metal,Fence,Non-designed ,Chain link fence,Experimental,3,0.18795,m3,NA,50,m2,50,1.15,m,2.4,km,Research,Underwater visual census,,,,,72.16979687,,,,,0,,,,,,,0,,,,,,,0,,,1
19,1999,,,Y,,4.20266,73.50592,,Indian Ocean,Offshore,1.753424758,New,Sand,Low rugosity,Low vertical relief,No openings,Metal,Fence,Non-designed ,Chain link fence,Experimental,3,0.18795,m3,NA,50,m2,50,1.15,m,2.4,km,Research,Underwater visual census,,,,,94.81134093,,,,,0,,,,,,,0,,,,,,,0,,,1
19,1999,,,Y,,4.20266,73.50592,,Indian Ocean,Offshore,2.325342471,New,Sand,Low rugosity,Low vertical relief,No openings,Metal,Fence,Non-designed ,Chain link fence,Experimental,3,0.18795,m3,NA,50,m2,50,1.15,m,2.4,km,Research,Underwater visual census,,,,,45.28298016,,,,,0,,,,,,,0,,,,,,,0,,,1
19,1999,,,Y,,4.20266,73.50592,,Indian Ocean,Offshore,2.787671508,New,Sand,Low rugosity,Low vertical relief,No openings,Metal,Fence,Non-designed ,Chain link fence,Experimental,3,0.18795,m3,NA,50,m2,50,1.15,m,2.4,km,Research,Underwater visual census,,,,,52.35845256,,,,,0,,,,,,,0,,,,,,,0,,,1
19,1999,,,Y,,4.20266,73.50592,,Indian Ocean,Offshore,3.164383843,New,Sand,Low rugosity,Low vertical relief,No openings,Metal,Fence,Non-designed ,Chain link fence,Experimental,3,0.18795,m3,NA,50,m2,50,1.15,m,2.4,km,Research,Underwater visual census,,,,,62.26412472,,,,,0,,,,,,,0,,,,,,,0,,,1
19,1999,,,Y,,4.20266,73.50592,,Indian Ocean,Offshore,NA,Established,Sand,Control,Control,Control,Natural,Natural,Bare,Bare sand,Control,3,0,m3,NA,50,m2,50,1.15,m,2.4,km,Natural,Underwater visual census,,,,,33.9622891,,,,,0,,,,,,,0,,,,,,,0,,,1
19,1999,,,Y,,4.20266,73.50592,,Indian Ocean,Offshore,NA,Established,Sand,Control,Control,Control,Natural,Natural,Bare,Bare sand,Control,3,0,m3,NA,50,m2,50,1.15,m,2.4,km,Natural,Underwater visual census,,,,,25.47163586,,,,,0,,,,,,,0,,,,,,,0,,,1
19,1999,,,Y,,4.20266,73.50592,,Indian Ocean,Offshore,NA,Established,Sand,Control,Control,Control,Natural,Natural,Bare,Bare sand,Control,3,0,m3,NA,50,m2,50,1.15,m,2.4,km,Natural,Underwater visual census,,,,,15.56601768,,,,,0,,,,,,,0,,,,,,,0,,,1
19,1999,,,Y,,4.20266,73.50592,,Indian Ocean,Offshore,NA,Established,Sand,Control,Control,Control,Natural,Natural,Bare,Bare sand,Control,3,0,m3,NA,50,m2,50,1.15,m,2.4,km,Natural,Underwater visual census,,,,,18.39616346,,,,,0,,,,,,,0,,,,,,,0,,,1
19,1999,,,Y,,4.20266,73.50592,,Indian Ocean,Offshore,NA,Established,Sand,Control,Control,Control,Natural,Natural,Bare,Bare sand,Control,3,0,m3,NA,50,m2,50,1.15,m,2.4,km,Natural,Underwater visual census,,,,,22.64149008,,,,,0,,,,,,,0,,,,,,,0,,,1
19,1999,,,Y,,4.20266,73.50592,,Indian Ocean,Offshore,NA,Established,Sand,Control,Control,Control,Natural,Natural,Bare,Bare sand,Control,3,0,m3,NA,50,m2,50,1.15,m,2.4,km,Natural,Underwater visual census,,,,,9.905618172,,,,,0,,,,,,,0,,,,,,,0,,,1
19,1999,,,Y,,4.20266,73.50592,,Indian Ocean,Offshore,NA,Established,Sand,Control,Control,Control,Natural,Natural,Bare,Bare sand,Control,3,0,m3,NA,50,m2,50,1.15,m,2.4,km,Natural,Underwater visual census,,,,,24.05656297,,,,,0,,,,,,,0,,,,,,,0,,,1
19,1999,,,Y,,4.20266,73.50592,,Indian Ocean,Offshore,NA,Established,Sand,Control,Control,Control,Natural,Natural,Bare,Bare sand,Control,3,0,m3,NA,50,m2,50,1.15,m,2.4,km,Natural,Underwater visual census,,,,,22.64149008,,,,,0,,,,,,,0,,,,,,,0,,,1
19,1999,,,Y,,4.20266,73.50592,,Indian Ocean,Offshore,NA,Established,Sand,Control,Control,Control,Natural,Natural,Bare,Bare sand,Control,3,0,m3,NA,50,m2,50,1.15,m,2.4,km,Natural,Underwater visual census,,,,,16.98109057,,,,,0,,,,,,,0,,,,,,,0,,,1
19,1999,,,Y,,4.20266,73.50592,,Indian Ocean,Offshore,NA,Established,Sand,Control,Control,Control,Natural,Natural,Bare,Bare sand,Control,3,0,m3,NA,50,m2,50,1.15,m,2.4,km,Natural,Underwater visual census,,,,,19.81134431,,,,,0,,,,,,,0,,,,,,,0,,,1
19,1999,,,Y,,4.20266,73.50592,,Indian Ocean,Offshore,NA,Established,Sand,Control,Control,Control,Natural,Natural,Bare,Bare sand,Control,3,0,m3,NA,50,m2,50,1.15,m,2.4,km,Natural,Underwater visual census,,,,,15.56601768,,,,,0,,,,,,,0,,,,,,,0,,,1
19,1999,,,Y,,4.20266,73.50592,,Indian Ocean,Offshore,NA,Established,Sand,Control,Control,Control,Natural,Natural,Bare,Bare sand,Control,3,0,m3,NA,50,m2,50,1.15,m,2.4,km,Natural,Underwater visual census,,,,,16.98109057,,,,,0,,,,,,,0,,,,,,,0,,,1
19,1999,,,Y,,4.20266,73.50592,,Indian Ocean,Offshore,NA,Established,Sand,Control,Control,Control,Natural,Natural,Bare,Bare sand,Control,3,0,m3,NA,50,m2,50,1.15,m,2.4,km,Natural,Underwater visual census,,,,,18.39616346,,,,,0,,,,,,,0,,,,,,,0,,,1
20,1989,,,Y,,47.7237,-122.4713,,North Pacific,Offshore,NA,Established,Sand,High rugosity,Low vertical relief,No openings,Rock,Rubble,Rubble and rocks,Rocky bottom,NA,7,NA,m3,NA,100,m2,100,12.2,m,1,km,Natural,Underwater visual census,,,,,10.5,,,,,0,,,,,,,0,,,,,,,0,,,1
20,1989,,,Y,,47.7237,-122.4713,,North Pacific,Offshore,NA,Established,Sand,Control,Control,Control,Natural,Natural,Bare,Bare sand,Control,7,NA,m3,NA,100,m2,100,12.2,m,1,km,Natural,Underwater visual census,,,,,5.1,,,,,0,,,,,,,0,,,,,,,0,,,1
20,1989,"Hueckel, Buckley, et al",5/5/2023,Y,"Puget Sound, Washington ",47.7237,-122.4713,,North Pacific,Offshore,2,New,Sand,Low rugosity,High vertical relief,No openings,Rock,Boulders,Rubble and rocks,Bolder ,Experimental,14,8610,m3,NA,100,m2,100,12.2,m,1,km,Mitigation,Underwater visual census,,,,,344.3,,,,,0,,,,,,,0,,,,,,,0,,,1
21,2023,"Dickson, Franken, et al",9/22/2024,Y,"Wadden Sea, Netherland",53.296,5.0683,,North Atlantic,Offshore,,New,Sand,High rugosity,High vertical relief,With openings,Wood,Pyramid,Designed reefs,Pear tree,Experimental,8,3,m3,NA,1,m2,1,3,m,NA,NA,Research,Fish traps,,,,,9.032257,number of fish,21.9355,1.83871,0.465548323,0.164596188,1.5 interquartile range,,,,,,0,,,,,,,0,,,1
21,2023,,,Y,,53.296,5.0683,,North Atlantic,Offshore,NA,Established,Sand,Control,Control,Control,Natural,Natural,Bare,Bare sand,Control,8,3,m3,NA,1,m2,1,3,m,NA,NA,Natural,Fish traps,,,,,2.03226,number of fish,6.03226,0.70968,0.123299203,0.043592851,1.5 interquartile range,,,,,,0,,,,,,,0,,,1
22,2023,"Knoester, Rienstra, et al",9/22/2024,Y,"Wasini Island, Kenya ",-4.659,39.381,,Indian Ocean,Offshore,,,Rocks,High rugosity,Low vertical relief,No openings,,,Designed reefs,Concrete disk with glass bottles,Experimental,10,16,m3,,1,m2,1,8,,,,Research,Underwater visual census,,,,,0.4513,,0.57362,0.33105,0.12232,0.03868098,SE,38.019,,47.5426,29.0765,9.5236,3.011626752,SE,21.833,,23.0435,20.58824,1.2105,0.382793711,SE,,
22,2023,,,Y,,-4.659,39.381,,Indian Ocean,Offshore,,,Rocks,Low rugosity,High vertical relief,With openings,,,Non-designed ,Metal cage,Experimental,10,16,m3,,1,m2,1,8,,,,Research,Underwater visual census,,,,,1.1557,,1.4693,0.84797,0.3136,0.099169027,SE,67.608,,84.5441,50.48065,16.9361,5.355665068,SE,22.8796,,24.1176,21.6113,1.238,0.391489974,SE,,
22,2023,,,Y,,-4.659,39.381,,Indian Ocean,Offshore,,,Rocks,High rugosity,Low vertical relief,With openings,Concrete,Layered,Designed reefs,Layered cake,Experimental,10,16,m3,,1,m2,1,8,,,,Research,Underwater visual census,,,,,0.7135,,0.91246,0.52661,0.19896,0.062916676,SE,50.699,,64.16403,38.31187,13.46503,4.258016356,SE,21.7801,,23.0435,20.4859,1.2634,0.39952216,SE,,
22,2023,,,Y,,-4.659,39.381,,Indian Ocean,Offshore,,,Rocks,High rugosity,High vertical relief,With openings,Concrete,,Designed reefs,"Combination bottle, cage, and layered",Experimental,10,16,m3,,1,m2,1,8,,,,Research,Underwater visual census,,,,,0.6718,,0.84797,0.4954,0.17617,0.055709846,SE,75.8578,,95.3162,56.91258,19.4584,6.153286362,SE,23.7173,,24.9872,22.4808,1.2699,0.40157764,SE,,
22,2023,,,Y,,-4.659,39.381,,Indian Ocean,Offshore,,,Rocks,Control,Control,Control,Natural,Natural,Bare,Bare rock,Control,10,16,m3,,1,m2,1,8,,,,Natural,Underwater visual census,,,,,0.098,,0.12159,0.07103,0.02359,0.007459813,SE,7.5858,,9.41799,5.75992,1.83219,0.579389351,SE,13.2984,,14.5013,11.893,1.2029,0.38039038,SE,,
23,2022,"Yuan, Chen, et al",9/22/2024,Y,"Daya Bay, China",22.568,114.632,,North Pacific,Offshore,,,Sand,Low rugosity,High vertical relief,With openings,Concrete,Cube,Designed reefs,Concrete cubes,Experimental,1829,45,m3,,1,m2,1,,,,,,Trawl net,November,,X,,,,,,,0,,,,,,,0,,22,,,,,0,,,
23,2022,,,Y,,22.568,114.632,,North Pacific,Offshore,,,Sand,Control,Control,Control,Natural,Natural,Bare,Bare sand,Control,1829,45,m3,,1,m2,1,,,,,,Trawl net,November,,X,,,,,,,0,,,,,,,0,,11,,,,,0,,,
23,2022,,,Y,,22.568,114.632,,North Pacific,Offshore,,,Sand,Low rugosity,High vertical relief,With openings,Concrete,Cube,Designed reefs,Concrete cubes,Experimental,1829,45,m3,,1,m2,1,,,,,,Gill net,November,,X,,,,,,,0,,,,,,,0,,15,,,,,0,,,
23,2022,,,Y,,22.568,114.632,,North Pacific,Offshore,,,Sand,Control,Control,Control,Natural,Natural,Bare,Bare sand,Control,1829,45,m3,,1,m2,1,,,,,,Gill net,November,,X,,,,,,,0,,,,,,,0,,10,,,,,0,,,
23,2022,,,Y,,22.568,114.632,,North Pacific,Offshore,,,Sand,Low rugosity,High vertical relief,With openings,Concrete,Cube,Designed reefs,Concrete cubes,Experimental,1829,45,m3,,1,m2,1,,,,,,Trawl net,July,,X,,,,,,,0,,,,,,,0,,36,,,,,0,,,
23,2022,,,Y,,22.568,114.632,,North Pacific,Offshore,,,Sand,Control,Control,Control,Natural,Natural,Bare,Bare sand,Control,1829,45,m3,,1,m2,1,,,,,,Trawl net,July,,X,,,,,,,0,,,,,,,0,,36,,,,,0,,,
23,2022,,,Y,,22.568,114.632,,North Pacific,Offshore,,,Sand,Low rugosity,High vertical relief,With openings,Concrete,Cube,Designed reefs,Concrete cubes,Experimental,1829,45,m3,,1,m2,1,,,,,,Gill net,July,,X,,,,,,,0,,,,,,,0,,17,,,,,0,,,
23,2022,,,Y,,22.568,114.632,,North Pacific,Offshore,,,Sand,Control,Control,Control,Natural,Natural,Bare,Bare sand,Control,1829,45,m3,,1,m2,1,,,,,,Gill net,July,,X,,,,,,,0,,,,,,,0,,8,,,,,0,,,
23,2022,,,Y,,22.568,114.632,,North Pacific,Offshore,,,Sand,Low rugosity,High vertical relief,With openings,Concrete,Cube,Designed reefs,Concrete cubes,Experimental,1829,45,m3,,1,m2,1,,,,,,Trawl net,August,,X,,,,,,,0,,,,,,,0,,41,,,,,0,,,
23,2022,,,Y,,22.568,114.632,,North Pacific,Offshore,,,Sand,Control,Control,Control,Natural,Natural,Bare,Bare sand,Control,1829,45,m3,,1,m2,1,,,,,,Trawl net,August,,X,,,,,,,0,,,,,,,0,,30,,,,,0,,,
23,2022,,,Y,,22.568,114.632,,North Pacific,Offshore,,,Sand,Low rugosity,High vertical relief,With openings,Concrete,Cube,Designed reefs,Concrete cubes,Experimental,1829,45,m3,,1,m2,1,,,,,,Gill net,August,,X,,,,,,,0,,,,,,,0,,20,,,,,0,,,
23,2022,,,Y,,22.568,114.632,,North Pacific,Offshore,,,Sand,Control,Control,Control,Natural,Natural,Bare,Bare sand,Control,1829,45,m3,,1,m2,1,,,,,,Gill net,August,,X,,,,,,,0,,,,,,,0,,9,,,,,0,,,
23,2022,,,Y,,22.568,114.632,,North Pacific,Offshore,,,Sand,Low rugosity,High vertical relief,With openings,Concrete,Cube,Designed reefs,Concrete cubes,Experimental,1829,45,m3,,1,m2,1,,,,,,Trawl net,November,,X,,,,,,,0,,,,,,,0,,42,,,,,0,,,
23,2022,,,Y,,22.568,114.632,,North Pacific,Offshore,,,Sand,Control,Control,Control,Natural,Natural,Bare,Bare sand,Control,1829,45,m3,,1,m2,1,,,,,,Trawl net,November,,X,,,,,,,0,,,,,,,0,,26,,,,,0,,,
23,2022,,,Y,,22.568,114.632,,North Pacific,Offshore,,,Sand,Low rugosity,High vertical relief,With openings,Concrete,Cube,Designed reefs,Concrete cubes,Experimental,1829,45,m3,,1,m2,1,,,,,,Gill net,November,,X,,,,,,,0,,,,,,,0,,22,,,,,0,,,
23,2022,,,Y,,22.568,114.632,,North Pacific,Offshore,,,Sand,Control,Control,Control,Natural,Natural,Bare,Bare sand,Control,1829,45,m3,,1,m2,1,,,,,,Gill net,November,,X,,,,,,,0,,,,,,,0,,8,,,,,0,,,
23,2022,,,Y,,22.568,114.632,,North Pacific,Offshore,,,Sand,Low rugosity,High vertical relief,With openings,Concrete,Cube,Designed reefs,Concrete cubes,Experimental,1829,45,m3,,1,m2,1,,,,,,Trawl net,January,,X,,,,,,,0,,,,,,,0,,37,,,,,0,,,
23,2022,,,Y,,22.568,114.632,,North Pacific,Offshore,,,Sand,Control,Control,Control,Natural,Natural,Bare,Bare sand,Control,1829,45,m3,,1,m2,1,,,,,,Trawl net,January,,X,,,,,,,0,,,,,,,0,,27,,,,,0,,,
23,2022,,,Y,,22.568,114.632,,North Pacific,Offshore,,,Sand,Low rugosity,High vertical relief,With openings,Concrete,Cube,Designed reefs,Concrete cubes,Experimental,1829,45,m3,,1,m2,1,,,,,,Gill net,January,,X,,,,,,,0,,,,,,,0,,20,,,,,0,,,
23,2022,,,Y,,22.568,114.632,,North Pacific,Offshore,,,Sand,Control,Control,Control,Natural,Natural,Bare,Bare sand,Control,1829,45,m3,,1,m2,1,,,,,,Gill net,January,,X,,,,,,,0,,,,,,,0,,18,,,,,0,,,
24,2022,,,Y,,33.6925,-118.3974,,North Pacific,Offshore,,,Sand,Control,Control,Control,Natural,Natural,Bare,Bare sand,Control,34,,,,0.01,m2,100,,,,,,Underwater visual census,,,,,5.18,,8.08,2.28,1.479591837,0.253747907,CI,0.84,,1.17,0.51,0.168367347,0.028874762,CI,,,,,,0,,,
24,2022,"Williams, Williams, et al",9/22/2024,Y,"Palos Verdes, California",33.6925,-118.3974,,North Pacific,Offshore,,,Sand,Low rugosity,High vertical relief,No openings,Rock,Boulders,Rubble and rocks,Bolder ,Experimental,36,,,,0.01,m2,100,,,,,,Underwater visual census,,,,,94.7,,109.7,79.7,7.653061224,1.275510204,CI,6.11,,6.9,5.32,0.403061224,0.067176871,CI,,,,,,0,,,
25,2022,,,Y,,-17.916,116.636,,South Pacific,Offshore,,,Sand,Low rugosity,High vertical relief,No openings,Metal,Oil rig,Oil rig,Oil platform,Experimental,32,1,,,1,m2,1,,,,,,BRUV,,Fall,X,,10.77705254,,13.87714097,9.106468717,3.100088431,0.548023388,SE,2401.596268,,4043.896205,572.7037146,1642.299937,290.3203556,SE,4.26,,4.6364,3.8295,0.3764,0.066538748,SE,,
25,2022,,,Y,,-17.916,116.636,,South Pacific,Offshore,,,Sand,Control,Control,Control,Natural,Natural,Bare,Bare sand,Control,32,1,,,1,m2,1,,,,,,BRUV,,Fall,X,,14.81494352,,23.21667383,9.906950659,8.401730312,1.485230119,SE,14454.39771,,25037.44452,8408.141272,10583.04681,1870.836042,SE,5.8092,,6.4773,5.0682,0.6681,0.11810451,SE,,
25,2022,,,Y,,-17.916,116.636,,South Pacific,Offshore,,,Sand,Low rugosity,High vertical relief,No openings,Metal,Oil rig,Oil rig,Oil platform,Experimental,34,1,,,1,m2,1,,,,,,BRUV,,Spring,X,,17.48235762,,27.48020701,10.77754885,9.99784939,1.714617025,SE,2784.197249,,6147.096062,2117.873421,3362.898813,576.7323885,SE,3.52,,4.02273,2.96591,0.50273,0.086217484,SE,,
25,2022,,,Y,,-17.916,116.636,,South Pacific,Offshore,,,Sand,Control,Control,Control,Natural,Natural,Bare,Bare sand,Control,34,1,,,1,m2,1,,,,,,BRUV,,Spring,X,,14.31528504,,18.5481244,10.77705254,4.232839358,0.725925961,SE,9118.428562,,19090.61855,4979.663542,9972.189984,1710.216473,SE,3.9133,,4.31818,3.704545,0.40488,0.069436347,SE,,
25,2022,"van Elden, Meeuwig, et al",9/22/2024,Y,"Dampier, Australia",-17.916,116.636,,South Pacific,Offshore,,,Sand,Low rugosity,High vertical relief,No openings,Metal,Oil rig,Oil rig,Oil platform,Experimental,35,1,,,1,m2,1,,,,,,BRUV,,Fall,X,,23.37760412,,33.13828281,17.21075808,9.760678688,1.649855824,SE,1106.369004,,2401.596268,572.7037146,1295.227264,218.9333666,SE,4.6879,,5.1591,4.14773,0.4712,0.079647337,SE,,
25,2022,,,Y,,-17.916,116.636,,South Pacific,Offshore,,,Sand,Control,Control,Control,Natural,Natural,Bare,Bare sand,Control,35,1,,,1,m2,1,,,,,,BRUV,,Fall,X,,20.77782098,,27.73894887,15.38126307,6.961127892,1.176645371,SE,6698.846094,,16280.58477,2788.046418,9581.738679,1619.609442,SE,4.3526,,4.7159,3.9773,0.3633,0.061408908,SE,,
26,2022,"Schramm, Marnane, et al",9/23/2024,Y,"Thevenard Island, Western Australia",-21.4634,116.0236,,South Pacific,Offshore,,,Sand,Low rugosity,Low vertical relief,No openings,Concrete,Tube,Pipeline,Pipeline,Experimental,11,250,,,0.004,m2,70,,,,,,ROV,,,,,54.4105,,62.1882,46.6521,7.7777,2.345064785,SE,6.6801,,7.733333,5.639999,1.053233,0.317561698,SE,8.3217,,8.98022,7.767912,-0.553788,-0.166973364,SE,,
26,2022,,,Y,,-21.4634,116.0236,,South Pacific,Offshore,,,Sand,Control,Control,Control,Natural,Natural,Bare,Bare sand,Control,14,250,,,0.004,m2,70,,,,,,ROV,,,,,5.0946,,7.4836,2.8884,2.389,0.638487107,SE,0.3354,,0.479999,0.14666,0.144599,0.038645708,SE,1.01973,,1.1385,0.8923,-0.12743,-0.0340571,SE,,
27,2020,,,Y,,21.8172,91.8402,,Indian Ocean,Offshore,,,Sand,Control,Control,Control,Natural,Natural,Bare,Bare sand,Control,2,,,,1,,1,,,,,,Underwater visual census,,,X,,631.4682,,960.975461,NA,232.9968187,164.7536305,SD,0.3944,,0.82479,NA,0.304331688,0.215195,SD,,,,,,0,,,
27,2020,,,Y,,21.8172,91.8402,,Indian Ocean,Offshore,,,Sand,Control,Control,Control,Natural,Natural,Bare,Bare sand,Control,2,,,,1,,1,,,,,,Underwater visual census,,,X,,425.874,,565.8534,NA,98.98038297,69.9897,SD,0.25594,,0.5043,NA,0.17561704,0.12418,SD,,,,,,0,,,
27,2020,,,Y,,21.8172,91.8402,,Indian Ocean,Offshore,,,Sand,Control,Control,Control,Natural,Natural,Bare,Bare sand,Control,2,,,,1,,1,,,,,,Underwater visual census,,,X,,298.6013,,331.7073,NA,23.4094771,16.553,SD,1.01119,,1.66666,NA,0.463487282,0.327735,SD,,,,,,0,,,
27,2020,,,Y,,21.8172,91.8402,,Indian Ocean,Offshore,,,Sand,Control,Control,Control,Natural,Natural,Bare,Bare sand,Control,2,,,,1,,1,,,,,,Underwater visual census,,,X,,1091.608,,1995.1218,NA,638.8807349,451.7569,SD,0.8811,,1.3376,NA,0.322794246,0.22825,SD,,,,,,0,,,
27,2020,"Chowdhury, Hossain, et al",9/23/2024,Y,"Kutubdia, Bangladesh",21.8172,91.8402,,Indian Ocean,Offshore,,,Sand,Low rugosity,Low vertical relief,With openings,Concrete,Ring,Designed reefs,Concrete ring reef,Experimental,3,,,,1,,1,,,,,,Underwater visual census,,,X,,1057.3426,,1341.4634,NA,164.0372204,94.70693333,SD,0.6209,,1.0385,NA,0.241101472,0.1392,SD,,,,,,0,,,
27,2020,,,Y,,21.8172,91.8402,,Indian Ocean,Offshore,,,Sand,Low rugosity,Low vertical relief,With openings,Concrete,Ring,Designed reefs,Concrete ring reef,Experimental,3,,,,1,,1,,,,,,Underwater visual census,,,X,,782.2168,,1009.75595,NA,131.3697895,75.84638333,SD,0.6168,,1.01709,NA,0.231107539,0.13343,SD,,,,,,0,,,
27,2020,,,Y,,21.8172,91.8402,,Indian Ocean,Offshore,,,Sand,Low rugosity,Low vertical relief,With openings,Concrete,Ring,Designed reefs,Concrete ring reef,Experimental,3,,,,1,,1,,,,,,Underwater visual census,,,X,,709.79023,,863.4146,NA,88.69507137,51.20812333,SD,1.3384,,2.2222,NA,0.510262168,0.2946,SD,,,,,,0,,,
27,2020,,,Y,,21.8172,91.8402,,Indian Ocean,Offshore,,,Sand,Low rugosity,Low vertical relief,With openings,Concrete,Ring,Designed reefs,Concrete ring reef,Experimental,3,,,,1,,1,,,,,,Underwater visual census,,,X,,1874.825,,3175.6097,NA,751.0083967,433.5949,SD,1.87133,,2.5128,NA,0.370352877,0.213823333,SD,,,,,,0,,,
28,2018,"Bond, Partridge, et al",9/23/2024,Y,"Dampier, Australia",-19.74564,115.7367,,South Pacific,Offshore,,,Sand,Low rugosity,Low vertical relief,No openings,Concrete,Tube,Pipeline,Pipeline,Experimental,21,,,,1,,1,,,,,,BRUV,,,,,20.38,,23.19,17.57,2.81,0.613192272,SE,16.82,,19.57,14.07,2.75,0.600099198,SE,6.48,,6.85,6.11,0.37,0.080740619,SE,,
28,2018,,,Y,,-19.74564,115.7367,,South Pacific,Offshore,,,Sand,Control,Control,Control,Natural,Natural,Bare,Bare sand,Control,49,,,,1,,1,,,,,,BRUV,,,,,10.97,,11.99,9.95,1.02,0.145714286,SE,10.58,,12.94,8.22,2.36,0.337142857,SE,4.81,,5.07,4.53,0.26,0.037142857,SE,,
29,2017,"Streich, Ajemian, et al",9/23/2024,Y,"Port Aransas, Texas",27.4,-97,,North Atlantic,Offshore,,,Sand,High rugosity,High vertical relief,With openings,Concrete,Pyramid,Designed reefs,Concrete pyramids,Experimental,33,,,,1,,1,,,,,,Vertical line fishing,,,,,3.636,,0.166,0,0.762,4.377356737,SE,,,,,,0,,,,,,,0,,,
29,2017,,,Y,,27.4,-97,,North Atlantic,Offshore,,,Sand,High rugosity,High vertical relief,With openings,Concrete,Pyramid,Designed reefs,Concrete pyramids,Experimental,99,,,,1,,1,,,,,,Fish traps,,,,,1.077,,0.121,0.059,0.148,1.472581407,SE,,,,,,0,,,,,,,0,,,
29,2017,,,Y,,27.4,-97,,North Atlantic,Offshore,,,Sand,Control,Control,Control,Natural,Natural,Bare,Bare sand,Control,12,,,,1,,1,,,,,,Vertical line fishing,,,,,0.083,,4.398,2.874,0.083,0.287520434,SE,,,,,,0,,,,,,,0,,,
29,2017,,,Y,,27.4,-97,,North Atlantic,Offshore,,,Sand,Control,Control,Control,Natural,Natural,Bare,Bare sand,Control,27,,,,1,,1,,,,,,Fish traps,,,,,0.09,,1.225,0.929,0.031,0.161080725,SE,,,,,,0,,,,,,,0,,,
