Authors,Article Title,DOI,Publication Year,,Digitized by ,Kept (Yes or no),Reason for removal,Completed
"McCallister, Michael P.; Oppenborn, James; Ajemian, Matthew J.",Fish community assessment of shelf-edge artificial reefs along east-central Florida,10.1016/j.fishres.2022.106561,2023,,Noah,No,,Y
"Hylkema, Alwin; Debrot, Adolphe O.; Cammenga, Raven A. R.; van der Laan, Paolo M.; Pistor, Marit; Murk, Albertinka J.; Osinga, Ronald","The effect of artificial reef design on the attraction of herbivorous fish and on coral recruitment, survival and growth",10.1016/j.ecoleng.2022.106882,2023,,Noah,No,No control,
"Sadhukhan, Koushik; Shanmugaraj, T.; Chatragadda, Ramesh; Murthy, M. V. Ramana",Photographic evidence of fish assemblage in artificial reef site of Palk Bay- an implication for marine resource management,10.11609/jott.2022.14.12.22207-22354,2022,,Noah,No,Only looked at coral growth,
"Song, Minpeng; Wang, Jiahao; Wang, Yuxin; Hu, Renge; Wang, Lu; Guo, Zhansheng; Jiang, Zhaoyang; Liang, Zhenlin",Response mechanism of meiofaunal communities to multi-type of artificial reef habitats from the perspective of high-throughput sequencing technology,10.1016/j.scitotenv.2022.160927,2023,,Noah,No,No data on abundance/biomass/richness,
"Sensurat-Genc, Tugce; Lok, Altan; Ozgul, Aytac; Oruc, Adnan Caglar",No effect of nearby natural reef existence on fish assemblages at shipwrecks in the Aegean Sea,10.1017/S0025315422001011,2022,,Noah,No,No control,
"Rivera, Damaris Aixa Gonzalez; Portillo, Francia Mariel; Rodriguez, Luz De Solziree Baca",FIRST PHASE FOR THE INCREASE OF ITIONAFUNA IN THE GULF OF FON- SECA USIGN ARTIFICAL REEFS,,2022,,Noah,No,Cant find paper in english,
"Steward, D'amy N.; Paxton, Avery B.; Bacheler, Nathan M.; Schobernd, Christina M.; Mille, Keith; Renchen, Jeffrey; Harrison, Zach; Byrum, Jordan; Martore, Robert; Brinton, Cameron; Riley, Kenneth L.; Taylor, J. Christopher; Kellison, G. Todd",Quantifying spatial extents of artificial versus natural reefs in the seascape,10.3389/fmars.2022.980384,2022,,Noah,No,No data on abundance/biomass/richness,
"Ali, Azizi; Abdullah, Muhammad Ruzi; Safuan, Che Din Mohd; Afiq-Firdaus, Aminudin Muhammad; Bachok, Zainudin; Akhir, Mohd Fadzil Mohd; Latif, Roslan; Muhamad, Azri; Seng, Tan Hock; Roslee, Adina; Ismail, Khaira","Side-Scan Sonar Coupled with Scuba Diving Observation for Enhanced Monitoring of Benthic Artificial Reefs along the Coast of Terengganu, Peninsular Malaysia",10.3390/jmse10091309,2022,,Noah,No,No control,
"Srisuwan, Warut; Sabhasri, Chayodom; Chansue, Nantarika; Haetrakul, Thanida",Using biomimicry and bibliometric mapping to guide design and production of artificial coral reefs,10.1016/j.marenvres.2022.105685,2022,,Noah,No,No data on abundance/biomass/richness,
"Helder, Noelle K.; Burns, John H. R.; Green, Stephanie J.",Intra-habitat structural complexity drives the distribution of fish trait groups on coral reefs,10.1016/j.ecolind.2022.109266,2022,,Noah,No,No control,
"Song, Minpeng; Wang, Jiahao; Nie, Zhaoyi; Wang, Lu; Wang, Jinxiao; Zhang, Jiating; Wang, Yuxin; Guo, Zhansheng; Jiang, Zhaoyang; Liang, Zhenlin",Evaluation of artificial reef habitats as reconstruction or enhancement tools of benthic fish communities in northern Yellow Sea,10.1016/j.marpolbul.2022.113968,2022,,Noah,Yes,,Y
"Garg, Aneri; Green, Stephanie J.","An Integrative Method For Enhancing the Ecological Realism of Aquatic Artificial Habitat Designs Using 3D Scanning, Printing, Moulding and Casting",10.3389/fbuil.2022.763315,2022,,Noah,No,No data on abundance/biomass/richness,
"Sensurat-Genc, Tugce; Shashar, Nadav; Ozsueer, Meral; Ozguel, Aytac","Shipwrecks are not the ultimate attracting features in a natural marine environment-the case of Karaburun, Turkey",10.1016/j.jenvman.2022.115159,2022,,Noah,No,Only discussed divers knowledge and opinions about wreck ARs,
"McLean, Dianne L.; Ferreira, Luciana C.; Benthuysen, Jessica A.; Miller, Karen J.; Schlappy, Marie-Lise; Ajemian, Matthew J.; Berry, Oliver; Birchenough, Silvana N. R.; Bond, Todd; Boschetti, Fabio; Bull, Ann S.; Claisse, Jeremy T.; Condie, Scott A.; Consoli, Pierpaolo; Coolen, Joop W. P.; Elliott, Michael; Fortune, Irene S.; Fowler, Ashley M.; Gillanders, Bronwyn M.; Harrison, Hugo B.; Hart, Kristen M.; Henry, Lea-Anne; Hewitt, Chad L.; Hicks, Natalie; Hock, Karlo; Hyder, Kieran; Love, Milton; Macreadie, Peter I.; Miller, Robert J.; Montevecchi, William A.; Nishimoto, Mary M.; Page, Henry M.; Paterson, David M.; Pattiaratchi, Charitha B.; Pecl, Gretta T.; Porter, Joanne S.; Reeves, David B.; Riginos, Cynthia; Rouse, Sally; Russell, Debbie J. F.; Sherman, Craig D. H.; Teilmann, Jonas; Todd, Victoria L. G.; Treml, Eric A.; Williamson, David H.; Thums, Michele",Influence of offshore oil and gas structures on seascape ecological connectivity,10.1111/gcb.16134,2022,,Noah,No,"Review paper, no experiment",
"Gardner, Christopher; Goethel, Daniel R.; Karnauskas, Mandy; Smith, Matthew W.; Perruso, Larry; Walter, John F., III",Artificial Attraction: Linking Vessel Monitoring System and Habitat Data to Assess Commercial Exploitation on Artificial Structures in the Gulf of Mexico,10.3389/fmars.2022.772292,2022,,Noah,No,"looked at fishing data, no information on abundance/biomass/richness",
"Jung, Seung Wook; Choi, Chang Geun",Seaweed Community and Succession on a Trapezoidal-Shaped Artificial Reef,10.1007/s12601-021-00053-9,2022,,Noah,No,"Looked at algae, not reef fish",
"Becker, Alistair; Taylor, Matthew; Folpp, Heath; Lowry, Michael",Revisiting an artificial reef after 10 years: What has changed and what remains the same?,10.1016/j.fishres.2022.106261,2022,,Noah,No,Unable to pull data from figures or tables,
"Higgins, Emily; Metaxas, Anna; Scheibling, Robert E.",A systematic review of artificial reefs as platforms for coral reef research and conservation,10.1371/journal.pone.0261964,2022,,Noah,No,"Review paper, no experiment",
"Keenan, Sean F.; Switzer, Theodore S.; Knapp, Anthony; Weather, Eric J.; Davis, John",Spatial dynamics of the quantity and diversity of natural and artificial hard bottom habitats in the eastern Gulf of Mexico,10.1016/j.csr.2021.104633,2022,,Noah,Hardbottom,Hardbottom,
Luong Trong Nguyen; Phu Duc Tran; Khanh Quoc Nguyen,An effectiveness of artificial coral reefs in the restoration of marine living resources.,,2022,,Noah,Yes,,Y
"Martinez-Baena, Francisco; Lanham, Brendan S.; McLeod, Ian; Taylor, Matthew D.; Mcorrie, Stephen; Bishop, Melanie J.",De novo reefs: Fish habitat provision by oyster aquaculture varies with farming method,10.3354/aei00431,2022,,Noah,No,"Located within an estuary, not offshore",
Feng Xue; Fan Jiang-tao; Sun Xiao; Hong Jie-zhang; Chen Pi-mao,"The stock enhancement effect evaluation of artificial reef in Wailingding, Zhuhai.",,2021,,Noah,No,Cannot find paper,
"Ng, Dillen; Taira, Daisuke; Heery, Eliza C.; Todd, Peter A.",Antagonistic effects of seawalls and urban sedimentation on epilithic algal matrix (EAM)-feeding fishes,10.1016/j.marpolbul.2021.113098,2021,,Noah,No,only data on EAM feeding fish (maybe come back to this one),
"Medeiros, Aline P. M.; Ferreira, Beatrice P.; Betancur-R, Ricardo; Cardoso, Aiara P. L. R.; Matos, Marcello R. S. B. C.; Santos, Braulio A.",Centenary shipwrecks reveal the limits of artificial habitats in protecting regional reef fish diversity,10.1111/1365-2664.14053,2022,,Noah,No,Only showed calculated levels of diversity,
"Gallaway, Benny J.; Raborn, Scott W.; McCain, Kyle A.; Beyea, R. Taylor; Dufault, Susan; Heyman, Will; Putman, Nathan F.; Egerton, Jack","Absolute Abundance Estimates for Red Snapper, Greater Amberjack, and Other Federally Managed Fish on Offshore Petroleum Platforms in the Gulf of Mexico",10.1002/nafm.10678,2021,,Noah,No,Reported estimates of abundance only ,
"Nieves-Ortiz, Manuel A.; Appeldoorn, Richard; Weil, Ernesto; Ruiz, Hector J.; Cruz-Motta, Juan J. J.","Fish assemblages associated with natural, transplanted, artificial, and accidental reefs in Puerto Rico",10.1016/j.ocecoaman.2021.105901,2021,,Noah,Maybe,"Control is natural reef, not bare substrate",
"Blount, Craig; Komyakova, Valeriya; Barnes, Lachlan; Smith, Marcus Lincoln; Zhang, Dilys; Reeds, Kate; McPhee, Daryl; Taylor, Matthew; Macbeth, William; Needham, Evan",Using ecological evidence to refine approaches to deploying offshore artificial reefs for recreational fisheries,10.5343/bms.2020.0059,2021,,Noah,No,did not report data,
"Harvey, Euan S.; Watts, Stephanie L.; Saunders, Benjamin J.; Driessen, Damon; Fullwood, Laura A. F.; Bunce, Michael; Songploy, Se; Kettratad, Jes; Sitaworawet, Paweena; Chaiyakul, Sarin; Elsdon, Travis S.; Marnane, Michael J.",Fish Assemblages Associated With Oil and Gas Platforms in the Gulf of Thailand,10.3389/fmars.2021.664014,2021,,Noah,Yes,,Y
"Komyakova, Valeriya; Chamberlain, Dean; Swearer, Stephen E.",A multi-species assessment of artificial reefs as ecological traps,10.1016/j.ecoleng.2021.106394,2021,,Noah,No ,No control,
"Pessarrodona, Albert; Filbee-Dexter, Karen; Alcoverro, Teresa; Boada, Jordi; Feehan, Colette J.; Fredriksen, Stein; Grace, Sean P.; Nakamura, Yohei; Narvaez, Carla A.; Norderhaug, Kjell Magnus; Wernberg, Thomas",Homogenization and miniaturization of habitat structure in temperate marine forests,10.1111/gcb.15759,2021,,Noah,No ,review article,
"Kim, Sang Lyeol; Lee, Hyung Gon; Yu, Ok Hwan",Correlation between rocky reefs and surrounding benthic habitats: Distribution and diversity patterns of polychaetes in the macrobenthic community in the East Sea of South Korea,10.1016/j.seares.2021.102083,2021,,Noah,No ,Study species was not reef fish,
"Gasc, Julien; Gache, Camille; Bertucci, Frederic; Moussa, Rakamaly Madi; Waqalevu, Viliame; Lecchini, David","Effects of Coastline Modification on Coral Reef Fish Nurseries (Moorea, French Polynesia)",10.2112/JCOASTRES-D-20-00060.1,2021,,Noah ,No ,No control,
"Sanchez-Caballero, C. A.; Borges-Souza, J. M.; Abelson, A.",Can wrecks serve as exploitable surrogate habitats for degraded natural reefs?,10.1016/j.marenvres.2021.105399,2021,,Noah ,Maybe,Controls are natural reefs instead of bare sand,
"Zhang, Rongliang; Liu, Hui; Zhang, Qianqian; Zhang, Hua; Zhao, Jianmin","Trophic interactions of reef-associated predatory fishes (Hexagrammos otakii and Sebastes schlegelii) in natural and artificial reefs along the coast of North Yellow Sea, China",10.1016/j.scitotenv.2021.148250,2021,,Noah ,No ,looked at tropic interactions not abundance/biomass/richness,
"Wang, Xinxin; Liu, Xianyi; Tang, Yanli; Zhao, Fenfang; Luo, Yan",Numerical Analysis of the Flow Effect of the Menger-Type Artificial Reefs with Different Void Space Complexity Indices,10.3390/sym13061040,2021,,Noah,No ,Mathematical flow analysis,
"Kang, Hee Yoon; Lee, Byeong-Gweon; Park, Hyun Je; Yun, Sung-Gyu; Kang, Chang-Keun",Trophic structures of artificial reef communities off the southern coast of the Korean peninsula as determined using stable isotope analyses,10.1016/j.marpolbul.2021.112474,2021,,Noah ,Maybe,Controls are natural reefs instead of bare sand,
"Higgins, Emily; Sobolev, Konstantin","Data-Driven Coral Reef Rehabilitation Using New Biomimicking, Advanced Materials Artificial Reefs",,2021,,Noah ,No ,This is a poster,
"Yuan, Xingwei; Jiang, Yazhou; Zhang, Hui; Jin, Yan; Ling, Jianzhong","Quantitative assessment of fish assemblages on artificial reefs using acoustic and conventional netting methods, in Xiangshan Bay, Zhejiang Province, China",10.1111/jai.14157,2021,,Noah ,No ,Not offshore,
"Paxton, Avery B.; Harter, Stacey L.; Ross, Steve W.; Schobernd, Christina M.; Runde, Brendan J.; Rudershausen, Paul J.; Johnson, Katrina H.; Shertzer, Kyle W.; Bacheler, Nathan M.; Buckel, Jeffrey A.; Kellison, G. Todd; Taylor, J. Christopher",Four decades of reef observations illuminate deep-water grouper hotspots,10.1111/faf.12548,2021,,Noah ,No ,"Only locates hotspots, and only groupers",
"Zeng, Lei; Tang, Zhenzhao; Chen, Pimao; Yu, Jie; Chen, Guobao",Optimization of fishery resources assessment methods and ecological effects evaluation of artificial reefs,10.1080/17451000.2021.1887497,2021,,Noah ,No ,No control,
"Curnick, David J.; Feary, David A.; Cavalcante, Georgenes H.",Risks to large marine protected areas posed by drifting fish aggregation devices,10.1111/cobi.13684,2021,,Noah ,No ,Did not look at abundance/biomass/richness,
"Hall, Alice E.; Herbert, Roger J. H.; Stafford, Richard",Temporal and spatial variation in adult and juvenile mobile fauna associated with natural and artificial coastal habitats,10.1007/s00227-021-03823-0,2021,,Noah ,Maybe,Controls are natural reefs instead of bare sand,
"Alegretti, Cathrine Boerseth; Grande, Henrique; Pereira Namiki, Claudia Akemi; Loose, Robin Hilbert; Brandini, Frederico Pereira",A preliminary assessment of larval fish assemblages on artificial reefs in the nearshore Southern Brazil,10.1590/2675-2824069.21-002cba,2021,,Noah ,No ,"Looked at larval fish, not adult reef fish",
"Tassetti, Anna Nora; Minelli, Annalisa; Ferra, Carmen; Guicciardi, Stefano; Gaetani, Annalisa; Fabi, Gianna",An integrated approach to assess fish spatial pattern around offshore gas platforms: A pilot study in the Adriatic Sea,10.1016/j.marenvres.2020.105100,2020,,Noah ,No ,Did not look at abundance/biomass/richness,
"Xu, Min; Yang, Xin Yuan; Song, Xiao Jing; Xu, Kai Da; Yang, Lin Lin",Seasonal analysis of artificial oyster reef ecosystems: implications for sustainable fisheries management,10.1007/s10499-020-00617-x,2021,,Noah ,No ,theoretical study,
"Hylkema, Alwin; Debrot, Adolphe O.; Osinga, Ronald; Bron, Patrick S.; Heesink, Daniel B.; Izioka, Ayumi Kuramae; Reid, Callum B.; Rippen, Jorien C.; Treibitz, Tali; Yuval, Matan; Murk, Albertinka J.",Fish assemblages of three common artificial reef designs during early colonization,10.1016/j.ecoleng.2020.105994,2020,,Noah ,Yes,,
"Plumlee, Jeffrey D.; Dance, Kaylan M.; Dance, Michael A.; Rooker, Jay R.; TinHan, Thomas C.; Shipley, J. Brooke; Wells, R. J. David",Fish assemblages associated with artificial reefs assessed using multiple gear types in the northwest Gulf of Mexico,10.5343/bms.2019.0091,2020,,Noah ,No ,No controls,
"Layman, Craig A.; Allgeier, Jacob E.",An ecosystem ecology perspective on artificial reef production,10.1111/1365-2664.13748,2020,,Noah ,No ,review article,
"Paxton, Avery B.; Newton, Emily A.; Adler, Alyssa M.; Van Hoeck, Rebecca V.; Iversen, Edwin S.; Taylor, J. Christopher; Peterson, Charles H.; Silliman, Brian R.",Artificial habitats host elevated densities of large reef-associated predators,10.1371/journal.pone.0237374,2020,,Noah ,No ,Only looked at predator densities,
"Raj, Kasparraj Diraviya; Mathews, Gilbert; Edward, Jasper Kamalam Patterson","Long-term benefits of artificial reef modules for reef recovery in gulf of Mannar, Southeast India",10.1007/s11852-020-00773-5,2020,,Noah ,No ,Did not look at fish density,
"Alam, Jamaluddin Fitrah; Yamamoto, Tamiji; Umino, Tetsuya; Nakahara, Shinya; Hiraoka, Kiyonori","Modeling the Efficacy of Three Types of Artificial Timber Reefs in Mitsu Bay, Japan",10.3390/w12072013,2020,,Noah ,No ,theoretical study,
"Sedano, F.; Tierno de Figueroa, J. M.; Navarro-Barranco, C.; Ortega, E.; Guerra-Garcia, J. M.; Espinosa, F.",Do artificial structures cause shifts in epifaunal communities and trophic guilds across different spatial scales?,10.1016/j.marenvres.2020.104998,2020,,Noah ,No ,Only looked at amphipods,
"Harrison, Simonetta; Rousseau, Mark","Comparison of Artificial and Natural Reef Productivity in Nantucket Sound, MA, USA",10.1007/s12237-020-00749-6,2020,,Noah ,Yes,,
"Glarou, Maria; Zrust, Martina; Svendsen, Jon C.",Using Artificial-Reef Knowledge to Enhance the Ecological Function of Offshore Wind Turbine Foundations: Implications for Fish Abundance and Diversity,10.3390/jmse8050332,2020,,Noah,No ,Meta- analysis,
"Jones, Stuart T.; Asher, Jacob M.; Boland, Raymond C.; Kanenaka, Brian K.; Weng, Kevin C.",Fish biodiversity patterns of a mesophotic-to-subphotic artificial reef complex and comparisons with natural substrates,10.1371/journal.pone.0231668,2020,,Noah ,Hardbottom,Hardbottom,Hard bottom is control
"Faizah, Ria; Sadiyah, Lilis; Aisyah","Community Structure and Habitat of Coral Fish on Artificial Reef in Awang and Bumbang Bay, Lombok Island.",,2020,,Noah ,No ,Not in english,
"van der Schyff, Veronica; du Preez, Marinus; Blom, Karin; Kylin, Henrik; Yive, Nee Sun Choong Kwet; Merven, Julian; Raffin, Jovani; Bouwman, Hindrik","Impacts of a shallow shipwreck on a coral reef: A case study from St. Brandon's Atoll, Mauritius, Indian Ocean",10.1016/j.marenvres.2020.104916,2020,,Noah,No ,Did not look at abundance/biomass/richness,
"Babcock, Kendra K.; Cesbron, Florian; Patterson, William F., III; Garner, Steven B.; Waidner, Lisa A.; Caffrey, Jane M.",Changing Biogeochemistry and Invertebrate Community Composition at Newly Deployed Artificial Reefs in the Northeast Gulf of Mexico,10.1007/s12237-020-00713-4,2020,,Noah ,No ,Looked at chemistry,
"Nandhagopal, G.; Jebakumar, J. Prince Prakash; Babu, B. Rajan; Ragumaran, S.; Ramakritinan, C. M.; Sivaleela, G.; Rajan, R. Rajkumar",Artificial coastal defence structure as a survival tool for the shallow water sponges,10.1016/j.csr.2019.104032,2020,,Noah ,No ,only looked at sponge species,
"Cardoso, Aiara P. L. R.; Matos, Marcello R. S. B. C.; Rosa, Ricardo S.; Alvarado, Fredy; Medeiros, Aline P. M.; Santos, Braulio A.",Increased fish diversity over day and night in structurally complex habitats of artificial reefs,10.1016/j.jembe.2019.151244,2020,,Noah ,No ,only reported calculated diversity values,
"Luthfi, Oktiyas Muzaky; Isdiantol, Andik; Sirait, Anda Putra R.; Putranto, Trisnadi W.C.; Affandi, Moch","Ecology of cubes artificial reef of Pantai Damas, East Java, Indonesia.",,2020,,Noah,No ,No control,
"Mohd, Mohd Hairil; Rahman, Mohd Asamudin A; Nazri, Muhammad Nadzrin; Tan, Chun Hong; Mohamad, Yuzwan; Lim, Chuin Siew; Mustapa, Baharim; Shaari, Hasrizal; Hii, Yii Siang; Kim, Do Kyun",Reefing Viability Index for Rigs-to-Reefs (R2R) in Malaysia.,10.1155/2020/4695894,2020,,Noah ,No ,Only looked at spacial parameters,
"Zeng, Xu; Tanaka, Kisei R.; Mazur, Mackenzie; Wang, Kai; Chen, Yong; Zhang, Shouyu",Effects of habitat on reef fishes biodiversity and composition in rocky reefs,10.3354/ab00731,2020,,Noah ,No ,Did not look at abundance/biomass/richness,
"Garner, Steven B.; Boswell, Kevin M.; Lewis, Justin P.; Tarnecki, Joseph H.; Patterson, William F., III",Effect of reef morphology and depth on fish community and trophic structure in the northcentral Gulf of Mexico,10.1016/j.ecss.2019.106423,2019,,Noah ,No ,Did not look at abundance/biomass/richness,
"Bulger, D. S.; Volpe, J. P.; Fisher, J. T.","Differences in fish communities on natural versus artificial temperate reefs, groundfish conservation applications in British Columbia",10.1016/j.marenvres.2019.104788,2019,,Noah ,No ,Inshore system,
"Jayanthi, M.; Edward, Patterson J. K.; Malleshappa, H.; Asir, Gladwin Gnana N.; Mathews, G.; Raj, Diraviya K.; Bilgi, Deepak S.; Kumar, Ashok T. K.; Sannasiraj, S. A.",Perforated trapezoidal artificial reefs can augment the benefits of restoration of island and its marine ecosystem,10.1111/rec.13041,2020,,Noah ,No ,No control,
"Lemoine, Hayley R.; Paxton, Avery B.; Anisfeld, Shimon C.; Rosemond, R. Claire; Peterson, Charles H.",Selecting the optimal artificial reefs to achieve fish habitat enhancement goals,10.1016/j.biocon.2019.108200,2019,,Noah ,Maybe,,Y
"Franzitta, Giulio; Airoldi, Laura",Fish assemblages associated with coastal defence structures: Does the surrounding habitat matter?,10.1016/j.rsma.2019.100743,2019,,Noah ,No ,only reported calculated diversity values,
"Schweitzer, Cara C.; Stevens, Bradley G.","The relationship between fish abundance and benthic community structure on artificial reefs in the Mid-Atlantic Bight, and the importance of sea whip corals Leptogorgia virgulata",10.7717/peerj.7277,2019,,Noah ,No ,No control,
"Kolian, Stephan R.; Sammarco, Paul W.",Densities of reef-associated fish and corals on offshore platforms in the Gulf of Mexico,10.5343/bms.2018.0083,2019,,Noah ,No ,article not available,
"Komyakova, Valeriya; Chamberlain, Dean; Jones, Geoffrey P.; Swearer, Stephen E.",Assessing the performance of artificial reefs as substitute habitat for temperate reef fishes: Implications for reef design and placement,10.1016/j.scitotenv.2019.02.357,2019,,Noah ,Maybe,Control is a natural reef,
"Paxton, Avery B.; Peterson, Charles H.; Taylor, J. Christopher; Adler, Alyssa M.; Pickering, Emily A.; Silliman, Brian R.",Artificial reefs facilitate tropical fish at their range edge,10.1038/s42003-019-0398-2,2019,,Noah ,Maybe,Control is a natural reef,
"Cresson, Pierre; Le Direach, Laurence; Rouanet, Elodie; Goberville, Eric; Astruch, Patrick; Ourgaud, Melanie; Harmelin-Vivien, Mireille",Functional traits unravel temporal changes in fish biomass production on artificial reefs,10.1016/j.marenvres.2019.02.018,2019,,Noah ,No ,Looked at chemistry,
"Sreekanth, G. B.; Lekshmi, N. M.; Patil, A.","Performance of a shipwreck as an artificial fish habitat along Goa, west coast of India",10.22438/jeb/40/2/MRN-830,2019,,Noah ,Maybe,Control is a natural reef,
"Yang, Xinyuan; Lin, Chenggang; Song, Xiaoyue; Xu, Min; Yang, Hongsheng","Effects of artificial reefs on the meiofaunal community and benthic environment - A case study in Bohai Sea, China",10.1016/j.marpolbul.2018.12.031,2019,,Noah ,No ,Looked at meofauna,
"Higgins, Emily; Scheibling, Robert E.; Desilets, Kelsey M.; Metaxas, Anna","Benthic community succession on artificial and natural coral reefs in the northern Gulf of Aqaba, Red Sea",10.1371/journal.pone.0212842,2019,,Noah ,No ,Looked at invertebrates,
"Lyon, R. Patrick; Eggleston, David B.; Bohnenstiehl, DelWayne R.; Layman, Craig A.; Ricci, Shannon W.; Allgeier, Jacob E.","Fish community structure, habitat complexity, and soundscape characteristics of patch reefs in a tropical, back-reef system",10.3354/meps12829,2019,,Noah ,No ,Did not look at abundance/biomass/richness,
"Balaji, V; Sekar, V; Selvam, M. Masilamani","Fish assemblages associated with natural and artificial habitats in Palk Bay, southeast coast of India: Comparison using Baited Remote Underwater Video",10.6024/jmbai.2019.61.1.2082-08,2019,,Noah ,No ,Did not look at abundance/biomass/richness,
"Endo, Hikaru; Nishigaki, Tomokazu; Yamamoto, Keigo; Takeno, Koji","Subtidal macroalgal succession and competition between the annual, Sargassum horneri, and the perennials, Sargassum patens and Sargassum piluliferum, on an artificial reef in Wakasa Bay, Japan",10.1007/s12562-018-1263-9,2019,,Noah ,No ,Looked at macroalgae,
"Subhan, B.; Hudhayani, N. N.; Ervinia, A.; Santoso, P.; Arafat, D.; Khairudi, D.; Soedharma, D.; Dhere, R. M.; Madduppa, H.","Coral recruitment on concrete blocks at Gosong Pramuka, Kepulauan Seribu, Jakarta",10.1088/1755-1315/404/1/012045,2019,,Noah ,No ,Looked at coral colonies,
"Rutledge, Kelsi M.; Alphin, Troy; Posey, Martin",Fish Utilization of Created vs. Natural Oyster Reefs (Crassostrea virginica),10.1007/s12237-018-0433-4,2018,,Noah ,No ,Located within an estuary ,
"Heery, Eliza C.; Dafforn, Katherine A.; Smith, James A.; Ushiama, Shinjiro; Mayer-Pinto, Mariana",Not all artificial structures are created equal: Pilings linked to greater ecological and environmental change in sediment communities than seawalls,10.1016/j.marenvres.2018.08.012,2018,,Noah ,No ,Did not look at abundance/biomass/richness,
"Reeves, David B.; Chesney, Edward J.; Munnelly, Ryan T.; Baltz, Donald M.; Marx, Brian D.",Abundance and Distribution of Reef-Associated Fishes Around Small Oil and Gas Platforms in the Northern Gulf of Mexico's Hypoxic Zone,10.1007/s12237-017-0349-4,2018,,Noah ,No ,Did not look at abundance/biomass/richness,
"Reeds, K. A.; Smith, J. A.; Suthers, I. M.; Johnston, E. L.","An ecological halo surrounding a large offshore artificial reef: Sediments, infauna, and fish foraging",10.1016/j.marenvres.2018.07.011,2018,,Noah ,No ,Looked at invertebrates,
"Sanabria-Fernandez, Jose A.; Lazzari, Natali; Riera, Rodrigo; Becerro, Mikel A.",Building up marine biodiversity loss: Artificial substrates hold lower number and abundance of low occupancy benthic and sessile species,10.1016/j.marenvres.2018.06.010,2018,,Noah ,No ,Did not look at abundance/biomass/richness,
"Streich, Matthew K.; Ajemian, Matthew J.; Wetz, Jennifer J.; Stunz, Gregory W.",Habitat-specific performance of vertical line gear in the western Gulf of Mexico: A comparison between artificial and natural habitats using a paired video approach,10.1016/j.fishres.2018.01.018,2018,,Noah ,No ,Did not look at abundance/biomass/richness,
"Claassens, L.; Hodgson, A. N.",Monthly population density and structure patterns of an endangered seahorse Hippocampus capensis: a comparison between natural and artificial habitats,10.1111/jfb.13639,2018,,Noah ,No ,Only looked at seahorses,
"Morris, Rebecca L.; Porter, Augustine G.; Figueira, Will F.; Coleman, Ross A.; Fobert, Emily K.; Ferrari, Renata",Fish-smart seawalls: a decision tool for adaptive management of marine infrastructure,10.1002/fee.1809,2018,,Noah ,No ,Did not look at abundance/biomass/richness,
"Claassens, Louw; Booth, Anthony J.; Hodgson, Alan N.",An endangered seahorse selectively chooses an artificial structure,10.1007/s10641-018-0732-4,2018,,Noah ,No ,Only looked at seahorses,
"Rosemond, R. Claire; Paxton, Avery B.; Lemoine, Hayley R.; Fegley, Stephen R.; Peterson, Charles H.",Fish use of reef structures and adjacent sand flats: implications for selecting minimum buffer zones between new artificial reefs and existing reefs,10.3354/meps12428,2018,,Noah ,No ,No specific reef type looked at,
"Inoue, Nariaki; Nambu, Ryogen; Kuwahara, Hisami; Kuwamoto, Junji; Yokoyamaa, Jun; Kanaiwa, Minoru","The present situation of utilization and the effects of artificial reefs on the resource density of Japanese butterfish Hyperoglyphe japonica and red seabream Pagrus major in the waters of the Iki Islands, Nagasaki, Japan",10.2331/suisan.17-00081,2018,,Noah ,No ,Not available online,
"Keenan, Sean F.; Switzer, Theodore S.; Thompson, Kevin A.; Tyler-Jedlund, Amanda J.; Knapp, Anthony R.",Comparison of Reef-Fish Assemblages between Artificial and Geologic Habitats in the Northeastern Gulf of Mexico: Implications for Fishery-Independent Surveys,,2018,,Noah ,No,Not available online,
"Sofia Perez-Pagan, Birla; Mercado-Molina, Alex E.","Evaluation of the effectiveness of 3D-printed corals to attract coral reef fish at Tamarindo Reef, Culebra, Puerto Rico.",,2018,,Noah ,Maybe,Control is a natural reef,
"Zakariya, Razak; Sakai, Lenny Sharinee",Evaluating a Teranas Natural Reef off Malaysia Using a Multibeam Echosounder: A Method to Support Artificial Reefs,,2018,,Noah ,No ,Not available online,
"Mills, Kade A.; Hamer, Paul A.; Quinn, Gerry P.",Artificial reefs create distinct fish assemblages,10.3354/meps12390,2017,,Noah ,Yes ,,Y
"Ng, Chin Soon Lionel; Toh, Tai Chong; Chou, Loke Ming",Artificial reefs as a reef restoration strategy in sediment-affected environments: Insights from long-term monitoring,10.1002/aqc.2755,2017,,Noah ,No ,Did not look at abundance/biomass/richness,
"Paxton, Avery B.; Pickering, Emily A.; Adler, Alyssa M.; Taylor, J. Christopher; Peterson, Charles H.",Flat and complex temperate reefs provide similar support for fish: Evidence for a unimodal species-habitat relationship,10.1371/journal.pone.0183906,2017,,Bri,,,
Guo Shu-xin; Gao Dong-kui; Zhang Xiu-mei; Li Wen-tao; Zhang Pei-dong,"Species composition and distribution patterns of ichthyoplankton within and outside artificial reefs in Qingshan Bay, Qingdao, China",10.13287/j.1001-9332.201706.019,2017,,Noah ,No ,Not available online,
"Young, G. C.; Dey, S.; Rogers, A. D.; Exton, D.","Cost and time-effective method for multiscale measures of rugosity, fractal dimension, and vector dispersion from coral reef 3D models",10.1371/journal.pone.0175341,2017,,Noah ,No ,Did not look at abundance/biomass/richness,
"Arney, Rachel N.; Froehlich, Catheline Y. M.; Kline, Richard J.",Recruitment Patterns of Juvenile Fish at an Artificial Reef Area in the Gulf of Mexico,10.1080/19425120.2016.1265031,2017,,Noah ,No,No control,
"Cipresso Pereira, Pedro Henrique; Bezerra dos Santos, Marcus Vinicius; Lippi, Daniel Lino; de Paula Silva, Pedro Henrique; Barros, Breno",Difference in the trophic structure of fish communities between artificial and natural habitats in a tropical estuary,10.1071/MF15326,2017,,Noah ,No ,Located in an estuary,
"Davis, Tom R.; Smith, Stephen D. A.",Proximity effects of natural and artificial reef walls on fish assemblages,10.1016/j.rsma.2016.10.007,2017,,Noah ,No ,No control,
"Fries, David; Hutcheson, Tim; Josef, Noam; Millie, David; Tate, Connor",Biomimetic Sentinel Reef Structures for Optical Sensing and Communications,10.1117/12.2267874,2017,,Noah ,No ,Presentation,
"Keller, Krystle; Smith, James A.; Lowry, Michael B.; Taylor, Matthew D.; Suthers, Iain M.",Multispecies presence and connectivity around a designed artificial reef,10.1071/MF16127,2017,,Noah ,No ,Not available online,
"Kruschel, Claudia; Harras, Julia; Blindow, Irmgard; Schultz, Stewart T.",DO FISH ASSEMBLAGES AT SITES FEATURING MAN-MADE CONCRETE WALLS DIFFER FROM THOSE AT NATURAL ROCKY-REEF SITES?,10.19233/ASHN.2017.21,2017,,Noah ,No ,Did not look at abundance/biomass/richness,
"Paxton, Avery B; Pickering, Emily A; Adler, Alyssa M; Taylor, J Christopher; Peterson, Charles H",Flat and complex temperate reefs provide similar support for fish: Evidence for a unimodal species-habitat relationship,,2017,,Noah ,Maybe,,
"Smith, James A.; Cornwell, William K.; Lowry, Michael B.; Suthers, Iain M.",Modelling the distribution of fish around an artificial reef,10.1071/MF16019,2017,,Noah ,No ,No control,
"Streich, Matthew K.; Ajemian, Matthew J.; Wetz, Jennifer J.; Williams, Jason A.; Shipley, J. Brooke; Stunz, Gregory W.","A Comparison of Size Structure, Age, and Growth of Red Snapper from Artificial and Natural Habitats in the Western Gulf of Mexico",10.1080/00028487.2017.1308884,2017,,Noah ,No ,Did not look at abundance/biomass/richness,
"Parsons, Dane F.; Suthers, Iain M.; Cruz, Derrick O.; Smith, James A.",Effects of habitat on fish abundance and species composition on temperate rocky reefs,10.3354/meps11927,2016,,Noah ,No ,No controls,
"Wu, Zhongxin; Zhang, Xiumei; Lozano-Montes, Hector M.; Loneragan, Neil R.","Trophic flows, kelp culture and fisheries in the marine ecosystem of an artificial reef zone in the Yellow Sea",10.1016/j.ecss.2016.08.021,2016,,Noah ,No ,Did not look at abundance/biomass/richness,
"Davis, Aaron M.; Moore, Alex R.",Conservation potential of artificial water bodies for fish communities on a heavily modified agricultural floodplain,10.1002/aqc.2607,2016,,Noah ,No ,Sediment study,
"Oricchio, Felipe T.; Pastro, Gabriela; Vieira, Edson A.; Flores, Augusto A. V.; Gibran, Fernando Z.; Dias, Gustavo M.",Distinct community dynamics at two artificial habitats in a recreational marina,10.1016/j.marenvres.2016.09.010,2016,,Noah ,No ,No controls,
"Fujii, Toyonobu; Jamieson, Alan J.",Fine-scale monitoring of fish movements and multiple environmental parameters around a decommissioned offshore oil platform: A pilot study in the North Sea,10.1016/j.oceaneng.2016.09.003,2016,,Noah ,No,Did not look at abundance/biomass/richness,
"Gregor, Christine A.; Anderson, Todd W.",Relative importance of habitat attributes to predation risk in a temperate reef fish,10.1007/s10641-016-0496-7,2016,,Noah ,No ,Focal group is only one species of reef fish,
"Huang, Xiaoyan; Wang, Zhongjie; Liu, Ying; Hu, Wentao; Ni, Wen",On the use of blast furnace slag and steel slag in the preparation of green artificial reef concrete,10.1016/j.conbuildmat.2016.02.088,2016,,Noah ,No ,Did not look at abundance/biomass/richness,
"Brzana, Radoslaw; Janas, Urszula",Artificial hard substrate as a habitat for hard bottom benthic assemblages in the southern part of the Baltic Sea - a preliminary study,10.1515/ohs-2016-0012,2016,,Noah ,Hardbottom,No control,
"Ushiama, Shinjiro; Smith, James A.; Suthers, Iain M.; Lowry, Michael; Johnston, Emma L.",The effects of substratum material and surface orientation on the developing epibenthic community on a designed artificial reef,10.1080/08927014.2016.1224860,2016,,Emily,No ,No controls,
"Champion, Curtis; Suthers, Iain M.; Smith, James A.",Zooplanktivory is a key process for fish production on a coastal artificial reef,10.3354/meps11529,2015,,Noah ,No ,Did not look at abundance/biomass/richness,
"Ido, Sella; Shimrit, Perkol-Finkel",Blue is the new green - Ecological enhancement of concrete based coastal and marine infrastructure,10.1016/j.ecoleng.2015.09.016,2015,,Noah ,No ,Control was different material,
"Correia, Miguel; Koldewey, Heather; Andrade, Jose Pedro; Palma, Jorge","Effects of artificial holdfast units on seahorse density in the Ria Formosa lagoon, Portugal",10.1016/j.jembe.2015.05.012,2015,,Noah ,No ,Only looked at seahorses,
"Smith, James A.; Lowry, Michael B.; Suthers, Iain M.",Fish attraction to artificial reefs not always harmful: a simulation study,10.1002/ece3.1730,2015,,Noah ,No ,Simulation study,
"Froehlich, Catheline Y. M.; Kline, Richard J.",Using Fish Population Metrics to Compare the Effects of Artificial Reef Density,10.1371/journal.pone.0139444,2015,,Noah ,Maybe,Control is a natural reef,
"Claisse, Jeremy T.; Pondella, Daniel J.; Love, Milton, II; Zahn, Laurel A.; Williams, Chelsea M.; Bull, Ann S.",Impacts from Partial Removal of Decommissioned Oil and Gas Platforms on Fish Biomass and Production on the Remaining Platform Structure and Surrounding Shell Mounds,10.1371/journal.pone.0135812,2015,,Noah ,No ,No controls,
"Gatts, Pedro; Franco, Marcos; dos Santos, Luciano; Rocha, Diogo; de Sa, Fabricio; Netto, Eurico; Machado, Phillipe; Masi, Bruno; Zalmon, Ilana",Impact of artificial patchy reef design on the ichthyofauna community of seasonally influenced shores at Southeastern Brazil,10.1007/s10452-015-9530-7,2015,,Noah ,No ,No controls,
"Granneman, Jennifer E.; Steele, Mark A.",Effects of reef attributes on fish assemblage similarity between artificial and natural reefs,10.1093/icesjms/fsv094,2015,,Emily,Maybe,,
"Ajemian, Matthew J.; Wetz, Jennifer Jarrell; Shipley-Lozano, Brooke; Stunz, Gregory W.",Rapid assessment of fish communities on submerged oil and gas platform reefs using remotely operated vehicles,10.1016/j.fishres.2015.02.011,2015,,Noah ,No ,Did not look at abundance/biomass/richness,
"Joshi, Arti M.; Desai, A. Y.; Parmar, Parag M.; Parmar, P. V.; Parmar, H. V.","ASSESSMENT OF AQUATIC FLORA AND FAUNA ASSOCIATED WITH ARTIFICIAL REEF AT MIYANI ESTUARY, GUJARAT",,2015,,Noah ,No ,Did not look at abundance/biomass/richness,
"Stenberg, C.; Stottrup, J. G.; van Deurs, M.; Berg, C. W.; Dinesen, G. E.; Mosegaard, H.; Grome, T. M.; Leonhard, S. B.",Long-term effects of an offshore wind farm in the North Sea on fish communities,10.3354/meps11261,2015,,Noah ,No ,Did not look at abundance/biomass/richness,
"Maufroy, Alexandra; Chassot, Emmanuel; Joo, Rocio; Kaplan, David Michael",Large-Scale Examination of Spatio-Temporal Patterns of Drifting Fish Aggregating Devices (dFADs) from Tropical Tuna Fisheries of the Indian and Atlantic Oceans,10.1371/journal.pone.0128023,2015,,Noah ,No ,Did not look at abundance/biomass/richness,
"Ajemian, Matthew J.; Wetz, Jennifer J.; Shipley-Lozano, Brooke; Shively, J. Dale; Stunz, Gregory W.",An Analysis of Artificial Reef Fish Community Structure along the Northwestern Gulf of Mexico Shelf: Potential Impacts of Rigs-to-Reefs Programs,10.1371/journal.pone.0126354,2015,,Bri,No ,No controls,
"Consoli, Pierpaolo; Martino, Andrea; Romeo, Teresa; Sinopoli, Mauro; Perzia, Patrizia; Canese, Simonepietro; Vivona, Pietro; Andaloro, Franco",The effect of shipwrecks on associated fish assemblages in the central Mediterranean Sea,10.1017/S0025315414000940,2015,,Noah ,Yes ,,
Wang Zhenhua; Chen Yong; Zhang Shouyu; Wang Kai; Zhao Jing; Xu Qiang,"A comparative study of fish assemblages near aquaculture, artificial and natural habitats",10.1007/s11802-015-2455-x,2015,,Noah ,No,,
"Scott, Molly E.; Smith, James A.; Lowry, Michael B.; Taylor, Matthew D.; Suthers, Iain M.",The influence of an offshore artificial reef on the abundance of fish in the surrounding pelagic environment,10.1071/MF14064,2015,,Noah ,No ,No controls,
"Simmons, Carrie M.; Collins, Angela B.; Ruzicka, Rob","Distribution and diversity of coral habitat, fishes, and associated fisheries in US waters of the Gulf of Mexico",,2015,,Noah ,No ,Did not look at abundance/biomass/richness,
"Granneman, Jennifer E.; Steele, Mark A.","Fish growth, reproduction, and tissue production on artificial reefs relative to natural reefs",10.1093/icesjms/fsu082,2014,,Noah ,Maybe,Control is a natural reef,
"Gatts, P. V.; Franco, M. A. L.; Santos, L. N.; Rocha, D. F.; Zalmon, I. R.",Influence of the artificial reef size configuration on transient ichthyofauna - Southeastern Brazil,10.1016/j.ocecoaman.2014.06.022,2014,,Noah ,No ,Did not look at abundance/biomass/richness,
"Friedlander, Alan M.; Ballesteros, Enric; Fay, Michael; Sala, Enric","Marine Communities on Oil Platforms in Gabon, West Africa: High Biodiversity Oases in a Low Biodiversity Environment",10.1371/journal.pone.0103709,2014,,Noah ,No ,Did not look at abundance/biomass/richness,
"Spagnolo, A.; Cuicchi, C.; Punzo, E.; Santelli, A.; Scarcella, G.; Fabi, G.",Patterns of colonization and succession of benthic assemblages in two artificial substrates,10.1016/j.seares.2014.01.007,2014,,Noah ,No ,No controls,
"Pourjomeh, Fatemeh; Shokri, Mohammad Reza; Kiabi, Bahram",Do Cement Boulders Mimic Natural Boulders for Macro-Invertebrates in the Southern Caspian Sea?,10.4194/1303-2712-v14_1_17,2014,,Noah ,No ,Focal group is macro-inverts,
"Walker, Simon J.; Schlacher, Thomas A.",Limited habitat and conservation value of a young artificial reef,10.1007/s10531-013-0611-4,2014,,Noah ,Maybe,Control is a natural reef,
"Mallet, Delphine; Wantiez, Laurent; Lemouellic, Soazig; Vigliola, Laurent; Pelletier, Dominique","Complementarity of Rotating Video and Underwater Visual Census for Assessing Species Richness, Frequency and Density of Reef Fish on Coral Reef Slopes",10.1371/journal.pone.0084344,2014,,Noah ,No ,Not an artificial reef,
"Cresson, Pierre; Ruitton, Sandrine; Harmelin-Vivien, Mireille",Artificial reefs do increase secondary biomass production: mechanisms evidenced by stable isotopes,10.3354/meps10866,2014,,Noah ,No ,Isotope analysis,
"Koeck, Barbara; Tessier, Anne; Brind'Amour, Anik; Pastor, Jeremy; Bijaoui, Benjamin; Dalias, Nicolas; Astruch, Patrick; Saragoni, Gilles; Lenfant, Philippe",Functional differences between fish communities on artificial and natural reefs: a case study along the French Catalan coast,10.3354/ab00561,2014,,Bri,No ,Did not look at abundance/biomass/richness,
"Sammarco, P. W.; Lirette, A.; Tung, Y. F.; Boland, G. S.; Genazzio, M.; Sinclair, J.",Coral communities on artificial reefs in the Gulf of Mexico: standing vs. toppled oil platforms,10.1093/icesjms/fst140,2014,,Noah ,No ,Did not look at abundance/biomass/richness,
"Tessier, Anne; Verdoit-Jarraya, Marion; Blouet, Sylvain; Dalias, Nicolas; Lenfant, Philippe",A case study of artificial reefs as a potential tool for maintaining artisanal fisheries in the French Mediterranean Sea,10.3354/ab00563,2014,,Noah ,No ,Did not look at abundance/biomass/richness,
"Zapata, Martha J.; Yeager, Lauren A.; Layman, Craig A.",Day-Night Patterns in Natural and Artificial Patch Reef Fish Assemblages of The Bahamas,,2014,,Noah ,No ,Not available online,
"Wehkamp, Stephanie; Fischer, Philipp",The impact of coastal defence structures (tetrapods) on decapod crustaceans in the southern North Sea,10.1016/j.marenvres.2013.08.011,2013,,Noah ,No ,Only looked at crustacians,
"Simon, Thiony; Joyeux, Jean-Christophe; Pinheiro, Hudson T.",Fish assemblages on shipwrecks and natural rocky reefs strongly differ in trophic structure,10.1016/j.marenvres.2013.05.012,2013,,Noah ,Maybe,Control is a natural reef,
"Burt, John A.; Feary, David A.; Cavalcante, Georgenes; Bauman, Andrew G.; Usseglio, Paolo",Urban breakwaters as reef fish habitat in the Persian Gulf,10.1016/j.marpolbul.2012.10.019,2013,,Noah ,Maybe,Control is a natural reef,
"Wen, Colin Kuo-Chang; Chen, Kao-Song; Hsieh, Hernyi Justin; Hsu, Chia-Min; Chen, Chaolun Allen",High coral cover and subsequent high fish richness on mature breakwaters in Taiwan,10.1016/j.marpolbul.2013.04.031,2013,,Noah ,Maybe,Control is a natural reef,
"Krone, R.; Gutow, L.; Brey, T.; Dannheim, J.; Schroeder, A.",Mobile demersal megafauna at artificial structures in the German Bight - Likely effects of offshore wind farm development,10.1016/j.ecss.2013.03.012,2013,,Noah ,Yes,,
"Polak, Omer; Shashar, Nadav",Economic value of biological attributes of artificial coral reefs,10.1093/icesjms/fst014,2013,,Noah ,No ,Simulation study,
"Evans, M. J.; Coffroth, M. A.; Lasker, H. R.",Effects of predator exclusion on recruit survivorship in an octocoral (Briareum asbestinum) and a scleractinian coral (Porites astreoides),10.1007/s00338-012-1001-1,2013,,Noah ,No ,Not an artificial reef,
"Adreani, M. S.; Steele, M. A.","Estimating fecundity, spawning frequency, season length of temperate reef fish; a comparison of natural and artificial reefs",,2013,,Noah ,No ,Not available online,
"Kilfoyle, A. Kirk; Freeman, Jessica; Jordan, Lance K. B.; Quinn, T. Patrick; Spieler, Richard E.",Fish assemblages on a mitigation boulder reef and neighboring hardbottom,10.1016/j.ocecoaman.2013.02.001,2013,,Noah ,Hardbottom,,
"Santos, Miguel N.; Oliveira, Miguel T.; Curdia, Joao",A comparison of the fish assemblages on natural and artificial reefs off Sal Island (Cape Verde),10.1017/S0025315412001051,2013,,Noah ,Maybe,Control is a natural reef,
"Cruz, Raul; Borda, Carlos A.","ESTIMATION OF ABUNDANCE AND SPATIAL DISTRIBUTION OF PANULIRUS ARGUS USING DIFFERENT METHODOLOGIES IN ARTIFICIAL SHELTER, TRAP AND CORAL REEF FISHERIES",10.1163/15685403-00003159,2013,,Noah ,No ,Not available online,
"Folpp, Heath; Lowry, Michael; Gregson, Marcus; Suthers, Iain M",Fish Assemblages on Estuarine Artificial Reefs: Natural Rocky-Reef Mimics or Discrete Assemblages?,http://dx.doi.org/10.1371/journal.pone.0063505.s001,2013,,Bri,No,Estuarine reefs,
"Kojansow, Jerry; Sompie, David; Emor, Djonlie; Rondonuwu, A.B.","Fish settlement on reefballs artificial reef and natural coral reef at Buyat Bay and surrounding areas, North Sulawesi, Indonesia.",,2013,,Noah ,No ,No controls,
"Ozgul, Aytac; Angel, Dror","Wild fish aggregations around fish farms in the Gulf of Aqaba, Red Sea: implications for fisheries management and conservation",10.3354/aei00076,2013,,Noah ,No ,Fish farms (removed later),
"Voce, Judith; Zander, C. Dieter",Analysis of the biocenosis of a small artificial reef on a sand bottom and of an autochthonous rocky field in the shallow SW Baltic,,2013,,Noah ,No ,Not available online,
"Fowler, A. M.; Booth, D. J.",How well do sunken vessels approximate fish assemblages on coral reefs? Conservation implications of vessel-reef deployments,10.1007/s00227-012-2039-x,2012,,Noah ,Maybe,Control is a natural reef,
"Coelho, Rui; Monteiro, Pedro; Abecasis, David; Blot, Jean Yves; Goncalves, Jorge M. S.",MACROFAUNA ASSEMBLAGES IN A XVIIth CENTURY SHIPWRECK: COMPARISON WITH THOSE ON NATURAL REEFS AND SANDY BOTTOMS,10.1590/S1679-87592012000400004,2012,,Noah ,No ,Focal group is mostly inverts,
"Fadli, Nur; Campbell, Stuart J.; Ferguson, Kathryn; Keyse, Jude; Rudi, Edi; Riedel, Arthur; Baird, Andrew H.","The role of habitat creation in coral reef conservation: a case study from Aceh, Indonesia",10.1017/S0030605312000142,2012,,Noah ,No ,No controls,
"Love, Milton S.; Nishimoto, Mary; Clark, Scott; Schroeder, Donna M.","RECRUITMENT OF YOUNG-OF-THE-YEAR FISHES TO NATURAL AND ARTIFICIAL OFFSHORE STRUCTURE WITHIN CENTRAL AND SOUTHERN CALIFORNIA WATERS, 2008-2010",10.5343/bms.2011.1101,2012,,Noah ,Maybe,Control is a natural reef,
"Patterson, William F., III; Porch, Clay E.; Tarnecki, Joseph H.; Strelcheck, Andrew J.","EFFECT OF CIRCLE HOOK SIZE ON REEF FISH CATCH RATES, SPECIES COMPOSITION, AND SELECTIVITY IN THE NORTHERN GULF OF MEXICO RECREATIONAL FISHERY",10.5343/bms.2011.1086,2012,,Noah ,No ,Not an artificial reef,
"Lowry, Michael; Folpp, Heath; Gregson, Marcus; Suthers, Iain",Comparison of baited remote underwater video (BRUV) and underwater visual census (UVC) for assessment of artificial reefs in estuaries,10.1016/j.jembe.2012.01.013,2012,,Noah ,No ,No controls,
"Langhamer, Olivia",Artificial Reef Effect in relation to Offshore Renewable Energy Conversion: State of the Art,10.1100/2012/386713,2012,,Noah ,No ,Not an experimental paper,
"Campbell, Matthew D.; Rose, Kenneth; Boswell, Kevin; Cowan, James",Individual-based modeling of an artificial reef fish community: Effects of habitat quantity and degree of refuge,10.1016/j.ecolmodel.2011.10.009,2011,,Noah ,No ,Simulation study,
"Werner Hackradt, Carlos; Cezar Felix-Hackradt, Fabiana; Antonio Garcia-Charton, Jose",Influence of habitat structure on fish assemblage of an artificial reef in southern Brazil,10.1016/j.marenvres.2011.09.006,2011,,Noah ,No ,Did not look at abundance/biomass/richness,
"Simon, Thiony; Pinheiro, Hudson Tercio; Joyeux, Jean-Christophe",Target fishes on artificial reefs: Evidences of impacts over nearby natural environments,10.1016/j.scitotenv.2011.07.057,2011,,Noah ,No ,Only looked at target species,
"Yin, Zeng-qiang; Zhang, Shou-yu",Preliminary study on the variation of the carrying capacity of fishery resources in Shengsi artificial reef area.,,2011,,Noah ,No ,Not available online,
"Dance, Michael A.; Patterson, William F., III; Addis, Dustin T.",FISH COMMUNITY AND TROPHIC STRUCTURE AT ARTIFICIAL REEF SITES IN THE NORTHEASTERN GULF OF MEXICO,10.5343/bms.2010.1040,2011,,Bri,No ,No controls,
"Boscolo, Simonetta; Coppa, Stefania; Falconi, Andrea; Motta, Emilio; Ferro, Alma; Baroni, Alberto",Safeguarding of Venice Coastal Area Through Habitat (R) Blocks,,2011,,Noah ,No ,Did not look at abundance/biomass/richness,
"Caddy, John F.",How Artificial Reefs Could Reduce the Impacts of Bottlenecks in Reef Fish Productivity within Natural Fractal Habitats,,2011,,Noah ,No ,Did not look at abundance/biomass/richness,
"Charbonnel, Eric; Harmelin, Jean-Georges; Carnus, Francois; Le Direac'h, Laurence; Ruitton, Sandrine; Lenfant, Philippe; Beurois, Jean","ARTIFICIAL REEFS IN MARSEILLE (FRANCE, MEDITERRANEAN SEA): FROM COMPLEX NATURAL HABITATS TO CONCEPT OF EFFICIENT ARTIFICIAL REEF DESIGN",10.1590/S1679-87592011000300019,2011,,Noah ,No ,Presentation,
"Charbonnel, Eric; Bachet, Frederic",Artificial Reefs in the Cote Bleue Marine Park: Assessment After 25 Years of Experiments and Scientific Monitoring,10.1007/978-90-481-8630-3_13,2011,,Noah ,No ,No controls,
"Genzano, Gabriel; Giberto, Diego; Bremec, Claudia","Benthic survey of natural and artificial reefs off Mar del Plata, Argentina, southwestern Atlantic",10.3856/vol39-issue3-fulltext-15,2011,,Noah ,Maybe,Control is a natural reef,
"Koeck, Barbara; Pastor, Jeremy; Larenie, Laetitia; Astruch, Patrick; Saragoni, Gilles; Jarraya, Marion; Lenfant, Philippe",EVALUATION OF IMPACT OF ARTIFICIAL REEFS ON ARTISANAL FISHERIES: NEED FOR COMPLEMENTARY APPROACHES,,2011,,Noah ,Maybe,Control is a natural reef,
"Lenfant, Philippe; Pastor, Jeremy; Dalias, Nicolas; Astruch, Patrick",Evaluation of Artificial Reefs Impact on Artisanal Fisheries: Necessity of Complementary Approaches,10.1007/978-90-481-8630-3_19,2011,,Noah ,Maybe,Control is a natural reef,
"Medioni, Emilia; Lardic, Jean-Charles",Operation Prado Reefs: A Model for Management of the Marseille Coast,10.1007/978-90-481-8630-3_20,2011,,Noah ,No ,Did not look at abundance/biomass/richness,
"Riccato, Federico; Fiorin, Riccardo; Penzo, Pierpaolo; Da Ros, Luisa; Boldrin, Alfredo",Fish fauna associated to an artificial reef in the North Adriatic Sea,,2011,,Noah ,No ,Not available online,
"Szedlmayer, Stephen T.",The Artificial Habitat as an Accessory for Improving Estimates of Juvenile Reef Fish Abundance in Fishery Management,,2011,,Noah ,No ,Not available online,
"Nagelkerken, I.; De Schryver, A. M.; Verweij, M. C.; Dahdouh-Guebas, F.; van der Velde, G.; Koedam, N.","Differences in root architecture influence attraction of fishes to mangroves: A field experiment mimicking roots of different length, orientation, and complexity",10.1016/j.jembe.2010.10.002,2010,,Noah ,No ,Located within a bay,
"Manoukian, Sarine; Spagnolo, Alessandra; Scarcella, Giuseppe; Punzo, Elisa; Angelini, Roberta; Fabi, Gianna","Effects of two offshore gas platforms on soft-bottom benthic communities (northwestern Adriatic Sea, Italy)",10.1016/j.marenvres.2010.08.004,2010,,Noah ,No ,No controls,
"Wen, C. K. -C.; Pratchett, M. S.; Shao, K. -T.; Kan, K. -P.; Chan, B. K. K.",Effects of habitat modification on coastal fish assemblages,10.1111/j.1095-8649.2010.02809.x,2010,,Noah ,Maybe,Control is a natural reef,
"Boswell, Kevin M.; Wells, R. J. David; Cowan, James H., Jr.; Wilson, Charles A.","BIOMASS, DENSITY, AND SIZE DISTRIBUTIONS OF FISHES ASSOCIATED WITH A LARGE-SCALE ARTIFICIAL REEF COMPLEX IN THE GULF OF MEXICO",10.5343/bms.2010.1026,2010,,Noah ,Yes,Email David since data is not visually collected,
"Honorio, P. P. F.; Ramos, R. T. C.; Feitoza, B. M.","Composition and structure of reef fish communities in Paraiba State, north-eastern Brazil",10.1111/j.1095-8649.2010.02728.x,2010,,Noah ,No ,No controls,
"Giansante, Carla; Fatigati, Marianna; Ciarrocchi, Floriana; Milillo, Giuseppe S.; Onori, Luciano; Ferri, Nicola",Monitoring of ichthyic fauna in artificial reefs along the Adriatic coast of the Abruzzi Region of Italy,,2010,,Noah ,No,,
"Langhamer, O.",Effects of wave energy converters on the surrounding soft-bottom macrofauna (west coast of Sweden),10.1016/j.marenvres.2010.01.002,2010,,Noah ,No ,Only looked at meofauna,
"Masuda, Reiji; Shiba, Masami; Yamashita, Yoh; Ueno, Masahiro; Kai, Yoshiaki; Nakanishi, Asami; Torikoshi, Masaru; Tanaka, Masaru",Fish assemblages associated with three types of artificial reefs: density of assemblages and possible impacts on adjacent fish abundance,,2010,,Noah ,No,No control,
"Delgadillo-Garzon, Oscar; Garcia, Camilo B.","Impact of two artificial reefs on diurnal artisanal fishing at gulf of Morrosquillo, Colombian Caribbean",,2009,,Noah ,No ,Not available online,
"Langhamer, Olivia; Wilhelmsson, Dan",Colonisation of fish and crabs of wave energy foundations and the effects of manufactured holes - A field experiment,10.1016/j.marenvres.2009.06.003,2009,,Noah ,Yes,,
"Burt, J.; Bartholomew, A.; Usseglio, P.; Bauman, A.; Sale, P. F.","Are artificial reefs surrogates of natural habitats for corals and fish in Dubai, United Arab Emirates?",10.1007/s00338-009-0500-1,2009,,Emily,Maybe,"Control is natural reef, not bare substrate",
"Coll, Josep; Abad, Raquel; Alvarez, Elvira; Deudero, Salud; Mas, Ramon; Riera, Francesc; Moreno, Isabel",STATE OF FISH POPULATIONS AND INFLUENCE ON THE TRAMMEL NET FISHERY AT THREE BALEARIC ISLAND (WESTERN MEDITERRANEAN) ARTIFICIAL REEFS A DECADE AFTER THEIR DEPLOYMENT,,2009,,Noah ,Yes,,
"Burt, John; Bartholomew, Aaron; Bauman, Andrew; Saif, Abdulla; Sale, Peter F.",Coral recruitment and early benthic community development on several materials used in the construction of artificial reefs and breakwaters,10.1016/j.jembe.2009.03.009,2009,,Noah ,No ,Only looked at corals,
"Hunter, W. R.; Sayer, M. D. J.",The comparative effects of habitat complexity on faunal assemblages of northern temperate artificial and natural reefs,10.1093/icesjms/fsp058,2009,,Noah ,Maybe,Control is a natural reef,
"Hackradt, Carlos Werner; Felix-Hackradt, Fabiana Cezar","ASSEMBLY OF FISH ASSOCIATED WITH COASTAL ENVIRONMENTS OF PARANA, BRAZIL: AN ANA-QUALITATIVE ANALYSIS WITH NOTES ON THEIR BIOECOLOGY",,2009,,Noah ,No ,Not available online,
"Lowe, Christopher G.; Anthony, Kim M.; Jarvis, Erica T.; Bellquist, Lyall F.; Love, Milton S.",Site Fidelity and Movement Patterns of Groundfish Associated with Offshore Petroleum Platforms in the Santa Barbara Channel,10.1577/C08-047.1,2009,,Noah ,No ,Did not look at abundance/biomass/richness,
"Mellin, C.; Ponton, D.",Assemblages of reef fish settling on artificial substrates: effect of ambient habitat over two temporal scales,10.1071/MF08319,2009,,Noah ,No ,Not available online,
"Powers, Sean P.; Peterson, Charles H.; Grabowski, Jonathan H.; Lenihan, Hunter S.",Success of constructed oyster reefs in no-harvest sanctuaries: implications for restoration,10.3354/meps08164,2009,,Noah ,No ,Only looked at oysters,
"MacDonald, James A.; Glover, Terry; Weis, Judith S.",The impact of mangrove prop-root epibionts on juvenile reef fishes: A field experiment using artificial roots and epifauna,10.1007/s12237-008-9083-2,2008,,Noah ,No ,No controls,
"Clynick, B. G.; McKindsey, C. W.; Archambault, P.","Distribution and productivity of fish and macroinvertebrates in mussel aquaculture sites in the Magdalen islands (Quebec, Canada)",10.1016/j.aquaculture.2008.06.009,2008,,Noah ,No ,Located within a lagoon ,
"Nagelkerken, I.; Faunce, C. H.","What makes mangroves attractive to fish? Use of artificial units to test the influence of water depth, cross-shelf location, and presence of root structure",10.1016/j.ecss.2008.04.011,2008,,Noah ,No ,No controls,
"Fukunaga, Atsuko; Bailey-Brock, Julie H.","Benthic infaunal communities around two artificial reefs in Mamala Bay, Oahu, Hawaii",10.1016/j.marenvres.2007.11.003,2008,,Noah ,No ,Did not look at abundance/biomass/richness,
"Leitao, Francisco; Santos, Miguel N.; Erzini, Karim; Monteiro, Carlos Costa",The effect of predation on artificial reef juvenile demersal fish species,10.1007/s00227-007-0898-3,2008,,Noah ,No ,No controls,
"Bartholomew, Aaron; Shine, Roland L.",Space size relative to prey width (Sp/Py) influences macrofaunal colonization of artificial structures,10.3354/meps07334,2008,,Noah ,No ,Did not look at abundance/biomass/richness,
"Gao, Qin-Feng; Shin, Paul K. S.; Xu, W. Z.; Cheung, S. G.",Amelioration of marine farming impact on the benthic environment using artificial reefs as biofilters,10.1016/j.marpolbul.2008.02.033,2008,,Noah ,No ,Did not look at abundance/biomass/richness,
"Relini, Giulio; Fabi, Gianna; dos Santos, Miguel Neves; Moreno, Isabel; Charbonnel, Eric",Fisheries and their management using artificial reefs in the northwestern Mediterranean Sea and southern Portugal,,2008,,Noah ,No ,Not available online,
"Scarborough-Bull, Ann; Love, Milton S.; Schroeder, Donna M.",Artificial reefs as fishery conservation tools: Contrasting the roles of offshore structures between the Gulf of Mexico and the Southern California bight,,2008,,Noah ,No ,Did not look at abundance/biomass/richness,
"Seaman, William",Coastal artificial habitats for fishery and environmental management and scientific advancement.,,2008,,Noah ,No ,Review paper,
"Nagelkerken, I.; Faunce, C. H.",Colonisation of artificial mangroves by reef fishes in a marine seascape,10.1016/j.ecss.2007.05.030,2007,,Noah ,No ,Did not look at abundance/biomass/richness,
"Spanier, Ehud; Edelist, Dor",The impact of artificial reefs in the Mediterranean coast of Israel on the fish assemblage of the surroundings natural rocky habitat,,2007,,Noah ,No ,Did not look at abundance/biomass/richness,
"Falcao, M.; Santos, M. N.; Vicente, M.; Monteiro, C. C.",Biogeochemical processes and nutrient cycling within an artificial reef off Southern Portugal,10.1016/j.marenvres.2006.12.001,2007,,Noah ,No ,Did not look at abundance/biomass/richness,
"Sala, Antonello; Fabi, Gianna; Manoukian, Sarine",Vertical diel dynamic of fish assemblage associated with an artificial reef (Northern Adriatic Sea),10.3989/scimar.2007.71n2355,2007,,Noah ,No ,No controls,
"Tallman, Jessica C.; Forrester, Graham E.",Oyster grow-out cages function as artificial reefs for temperate fishes,10.1577/T06-119.1,2007,,Noah ,Maybe,Control is a natural reef,
"Arena, P. T.; Jordan, L. K. B.; Spieler, R. E.","Fish assemblages on sunken vessels and natural reefs in southeast Florida, USA",10.1007/s10750-006-0456-x,2007,,Noah ,Maybe,Control is a natural reef,
"Leitao, Francisco; Santos, Miguel N.; Monteiro, Carlos C.",Contribution of artificial reefs to the diet of the white sea bream (Diplodus sargus),10.1093/icesjms/fsm027,2007,,Noah ,No ,Only looked at target species,
"Relini, G.; Relini, M.; Palandri, G.; Merello, S.; Beccornia, E.","History, ecology and trends for artificial reefs of the Ligurian sea, Italy",10.1007/s10750-006-0453-0,2007,,Noah ,No ,No controls,
"Briones-Fourzan, Patricia; Lozano-Alvarez, Enrique; Negrete-Soto, Fernando; Barradas-Ortiz, Cecilia",Enhancement of juvenile Caribbean spiny lobsters: an evaluation of changes in multiple response variables with the addition of large artificial shelters,10.1007/s00442-006-0595-9,2007,,Noah ,No ,Only looked at lobster,
"Nakamura, Yohei; Kawasaki, Hiroyuki; Sano, Mitsuhiko","Experimental analysis of recruitment patterns of coral reef fishes in seagrass beds: Effects of substrate type, shape, and rigidity",10.1016/j.ecss.2006.09.005,2007,,Noah ,No ,Only looked at target species,
"Page, Henry M.; Dugan, Jenifer E.; Schroeder, Donna M.; Nishimoto, Mary M.; Love, Milton S.; Hoesterey, Justin C.",Trophic links and condition of a temperate reef fish: comparisons among offshore oil platform and natural reef habitats,10.3354/meps06929,2007,,Noah ,Maybe,Control is a natural reef,
"Terashima, Hiroaki; Sato, Masashi; Kawasaki, Hiroyuki; Thiam, Djiby","Quantitative biological assessment of a newly installed artificial reef in Yenne, Senegal",,2007,,Noah ,Yes,,
"Hong, Jae-Sang; ???; ???; ???; ???; ???","Evaluation of the effect of cubic artificial reefs in Kyonggi Bay, west coast of Korea by using fish trap",,2007,,Noah ,No ,Not available online,
"Quinn, Norman J; Kojis, Barbara L","Evaluating the potential of natural reproduction and artificial techniques to increase Acropora cervicornis populations at Discovery Bay, Jamaica",,2006,,Noah ,No ,Only looked at corals,
"Love, Milton S.; York, Anne",The relationships between fish assemblages and the amount of bottom horizontal beam exposed at California oil platforms: fish habitat preferences at man-made platforms and (by inference) at natural reefs,,2006,,Noah ,No,Not available online,
"Lan, Chun-Hsiung; Hsui, Che-Yu","The deployment of artificial reef ecosystem: Modelling, simulation and application",10.1016/j.simpat.2005.10.011,2006,,Noah ,No ,Simulation study,
"Behringer, Donald C.; Butler, Mark J.",Density-dependent population dynamics in Juvenile Panulirus argus (Latreille): The impact of artificial density enhancement,10.1016/j.jembe.2006.01.009,2006,,Noah ,No ,Did not look at abundance/biomass/richness,
"Lingo, Mark E.; Szedlmayer, Stephen T.",The influence of habitat complexity on reef fish communities in the northeastern Gulf of Mexico,10.1007/s10641-006-9009-4,2006,,Noah ,No ,No controls,
"Wilhelmsson, D; Yahya, SAS; Ohman, MC",Effects of high-relief structures on cold temperate fish assemblages: A field experiment,10.1080/17451000600684359,2006,,Noah ,Yes,,
"Fabi, G; Manoukian, S; Spagnolo, A",Feeding behavior of three common fishes at an artificial reef in the northern Adriatic Sea,,2006,,Noah ,No ,Only looked at target species,
"Griffiths, S. P.; Davis, A. R.; West, R. J.",Role of habitat complexity in structuring temperate rockpool ichthyofaunas,10.3354/meps313227,2006,,Noah ,No ,Looked at rockpools not offshore,
"Gul, Benal; Lok, Altan; Ulas, Ali; Duzbastilar, F. Ozan",The investigation on fish composition at artificial reefs deployed on different substrates off Urkmez Coast.,,2006,,Noah ,No ,Not available online,
"Hanner, SE; McIntosh, TL; Blair, SM","Development of benthic and fish assemblages on artificial reef materials compared to adjacent natural reef assemblages in Miami-Dade County, Florida",,2006,,Noah ,Maybe,Control is a natural reef,
"Recasens, L; Lombarte, A; Sanchez, P",Teleostean fish assemblages in an artificial reef and a natural rocky area in Catalonia (northwestern Mediterranean): An ecomorphological approach,,2006,,Noah ,No ,Did not look at abundance/biomass/richness,
"Reed, DC; Schroeter, SC; Huang, D; Anderson, TW; Ambrose, RF",Quantitative assessment of different artificial reef designs in mitigating losses to kelp forest fishes,,2006,,Noah ,No ,No controls,
"Tsemel, A; Spanier, E; Angel, DL",Benthic communities of artificial structures: Effects of mariculture in the Gulf of Aqaba (Eilat) on development and bioaccumulation,,2006,,Noah ,No ,Only looked at biofouling communities,
"Jordan, LKB; Gilliam, DS; Spieler, RE",Reef fish assemblage structure affected by small-scale spacing and size variations of artificial patch reefs,10.1016/j.jembe.2005.05.023,2005,,Noah ,No ,No controls,
"Brickhill, M. J.; Lee, S. Y.; Connolly, R. M.",Fishes associated with artificial reefs: attributing changes to attraction or production using novel approaches,10.1111/j.0022-1112.2005.00915.x,2005,,Noah ,No ,Meta analysis,
"Sayer, M. D. J.; Magill, S. H.; Pitcher, T. J.; Morissette, L.; Ainsworth, C.",Simulation-based investigations of fishery changes as affected by the scale and design of artificial habitats,10.1111/j.0022-1112.2005.00928.x,2005,,Noah ,No ,Simulation study,
"Sherman, R. L.; Arena, P. T.; Quinn, T. P.; Spieler, R. E.",Structural attributes of artificial reefs and associated fish assemblages,,2005,,Noah ,No ,Not available online,
"Strelcheck, AJ; Cowan, JH; Shah, A",Influence of reef location on artificial-reef fish assemblages in the northcentral Gulf of Mexico,,2005,,Noah ,No ,No controls,
"Weis, JS; Weis, P","Use of intertidal mangrove and sea wall habitats by coral reef fishes in the Wakatobi Marine Park, Indonesia",,2005,,Noah ,No ,No controls,
"Tessier, E; Chabanet, P; Pothin, K; Soria, M; Lasserre, G",Visual censuses of tropical fish aggregations on artificial reefs: slate versus video recording techniques,10.1016/j.jembe.2004.08.027,2005,,Noah ,No ,No controls,
"Adams, Aaron",Fish assemblages associated with an established (>10 years old) artificial reef and an adjacent natural reef.,,2005,,Noah ,Maybe,No controls,
"Belmaker, J; Shashar, N; Ziv, Y",Effects of small-scale isolation and predation on fish diversity on experimental reefs,10.3354/meps289273,2005,,Noah ,No ,No control group,
"Berrios, Jose M.; Timber, James H.",Artificial reef research in Puerto Rico.,,2005,,Noah ,Maybe,Control is a natural reef,
"Gratwicke, B; Speight, MR",Effects of habitat complexity on Caribbean marine fish assemblages,10.3354/meps292301,2005,,Noah ,No ,No controls,
"Lan, CH; Chen, CC; Hsui, CY",An approach to design spatial configuration of artificial reef ecosystem,10.1016/j.ecoleng.2004.04.004,2004,,Noah ,No ,Simulation study,
"Topolski, MF; Szedlmayer, ST","Vertical distribution, size structure, and habitat associations of four Blenniidae species on gas platforms in the northcentral Gulf of Mexico",10.1023/B:EBFI.0000029364.23532.94,2004,,Noah ,No ,Did not look at abundance/biomass/richness,
"de la Moriniere, EC; Nagelkerken, I; van der Meij, H; van der Velde, G",What attracts juvenile coral reef fish to mangroves: habitat complexity or shade?,10.1007/s00227-003-1167-8,2004,,Noah ,Yes,,
"Fabi, G; Grati, F; Puletti, M; Scarcella, G",Effects on fish community induced by installation of two gas platforms in the Adriatic Sea,10.3354/meps273187,2004,,Noah ,Yes,,
"Jouvenel, JY; Bachet, F; Harmelin, JG; Bellan-Santini, D","Jouvenel, JY; Bachet, F; Harmelin, JG; Bellan-Santini, D",,2004,,Noah ,No ,Not in english,
"Overholtzer-McLeod, KL",Variance in reef spatial structure masks density dependence in Coral-Reef fish populations on natural versus artificial reefs,10.3354/meps276269,2004,,Noah ,No ,Did not look at abundance/biomass/richness,
"Sammarco, PW; Atchison, AD; Boland, GS",Expansion of coral communities within the Northern Gulf of Mexico via offshore oil and gas platforms,10.3354/meps280129,2004,,Noah ,No ,Only looked at corals,
"Powers, SP; Grabowski, JH; Peterson, CH; Lindberg, WJ",Estimating enhancement of fish production by offshore artificial reefs: uncertainty exhibited by divergent scenarios,10.3354/meps264265,2003,,Noah ,No ,Theory paper,
"Sempere, J. T. Bayle; Espla, A. A. Ramos","Effectiveness assessment of an artificial reef off Tabarca Island (Alicante, southeastern Iberian Peninsula)",,2003,,Noah ,No ,Not available online,
"Upston, J; Booth, DJ","Settlement and density of juvenile fish assemblages in natural, Zostera capricorni (Zosteraceae) and artificial seagrass beds",10.1023/A:1023246427710,2003,,Noah ,No ,Only looked at target species,
"Abelson, A; Shlesinger, Y","Comparison of the development of coral and fish communities on rock-aggregated artificial reefs in Eilat, Red Sea",10.1006/jmsc.2002.1210,2002,,Noah ,No,No controls,
"Deysher, LE; Dean, TA; Grove, RS; Jahn, A",Design considerations for an artificial reef to grow giant kelp (Macrocystis pyrifera) in Southern California,10.1006/jmsc.2002.1187,2002,,Noah ,No ,Looked at algae,
"Fabi, G; Grati, F; Lucchetti, A; Trovarelli, L",Evolution of the fish assemblage around a gas platform in the northern Adriatic Sea,10.1006/jmsc.2002.1194,2002,,Noah ,Yes,,
"Godoy, EAS; Coutinho, R",Can artificial beds of plastic mimics compensate for seasonal absence of natural beds of Sargassum furcatum?,10.1006/jmsc.2002.1220,2002,,Noah ,Maybe,Control is a natural reef,
"Herrera, R; Espino, F; Garrido, M; Haroun, RJ",Observations on fish colonization and predation on two artificial reefs in the Canary Islands,10.1006/jmsc.2002.1291,2002,,Noah ,Yes,,
"Osenberg, CW; St Mary, CM; Wilson, JA; Lindberg, WJ",A quantitative framework to evaluate the attraction-production controversy,10.1006/jmsc.2002.1222,2002,,Noah ,No ,Theory paper,
"Pondella, DJ; Stephens, JS; Craig, MT",Fish production of a temperate artificial reef based on the density of embiotocids (Teleostei : Perciformes),10.1006/jmsc.2002.1219,2002,,Noah ,No ,No control group,
"Sherman, RL; Gillian, DS; Spieler, RE","Artificial reef design: void space, complexity, and attractants",10.1006/jmsc.2001.1163,2002,,Noah ,No,No controls,
"Steimle, F; Foster, K; Kropp, R; Conlin, B","Benthic macrofauna productivity enhancement by an artificial reef in Delaware Bay, USA",10.1006/jmsc.2002.1268,2002,,Noah ,No ,Did not look at abundance/biomass/richness,
"Turpin, RK; Bortone, SA",Pre- and post-hurricane assessment of artificial reefs: evidence for potential use as refugia in a fishery management strategy,10.1006/jmsc.2002.1191,2002,,Noah ,No ,Did not look at abundance/biomass/richness,
"Walker, BK; Henderson, B; Spieler, RE","Fish assemblages associated with artificial reefs of concrete aggregates or quarry stone offshore Miami Beach, Florida, USA",10.1016/S0990-7440(02)01154-3,2002,,Emily,No,No controls,
"Hindell, JS; Jenkins, GP; Keough, MJ","Variability in the numbers of post-settlement King George whiting (Sillaginidae : Sillaginodes punctata, Cuvier) in relation to predation, habitat complexity and artificial cage structure",10.1016/S0022-0981(01)00368-9,2002,,Noah ,No ,Did not look at abundance/biomass/richness,
"Rilov, G; Benayahu, Y",Rehabilitation of coral reef-fish communities: The importance of artificial-reef relief to recruitment rates,,2002,,Noah ,No ,No controls,
"Schumacher, Helmut",Use of artificial reefs with special reference to the rehabilitation of coral reefs.,,2002,,Noah ,No ,Not available online,
"Paes Gomes, Marcelo; Novelli, Ronaldo; Vieira Faria, Vicente; Zalmon, Ilana Rosental","[Attractor potential of osteichthyes in artificial reef on the northern coast of Rio de Janeiro State, Brazil]",,2001,,Noah ,No ,Not in english,
"Adjeroud, Mehdi; Planes, Serge; Delesalle, Bruno","No. 484. Coral and fish communities in a disturbed environment: Papeete harbor, Tahiti.",,2001,,Noah ,No ,Did not look at abundance/biomass/richness,
"Wantiez, Laurent; Thollot, Pierre",Colonization of the F/V Caledonie Toho 2 wreck by a reef-fish assemblage near Noumea (New Caledonia),,2001,,Noah ,Maybe,Control is a natural reef,
"Lechanteur, YARG; Griffiths, CL","Fish associated with artificial reefs in False Bay, South Africa: a preliminary survey",,2001,,Noah ,No,No controls,
"Brotto, DS; Araujo, FG","Habitat selection by fish in an artificial reef in Ilha Grande Bay, Brazil",10.1590/S1516-89132001000300015,2001,,Noah ,No ,Only looked at target species,
"Wantiez, L; Thollot, P","Settlement, post-settlement mortality and growth of the damselfish Chromis fumea (Pisces : Pomacentridae) on two artificial reefs in New Caledonia (south-west Pacific ocean)",10.1017/S0025315400003180,2000,,Noah ,No ,Only looked at target species,
"Spanier, E",Changes in the ichthyofauna of an artificial reef in the southeastern Mediterranean in one decade,10.3989/scimar.2000.64n3279,2000,,Noah ,No ,No controls,
"Rilov, G; Benayahu, Y",Fish assemblage on natural versus vertical artificial reefs: the rehabilitation perspective,10.1007/s002279900250,2000,,Bri,Maybe,,
"Love, MS; Caselle, JE; Snook, L",Fish assemblages around seven oil platforms in the Santa Barbara Channel area,,2000,,Noah ,No ,Not available online,
"Love, MS; Caselle, J; Snook, L",Fish assemblages on mussel mounds surrounding seven oil platforms in the Santa Barbara Channel and Santa Maria Basin,,1999,,Noah ,Maybe,Control is a natural reef,
"Golani, D; Diamant, A","Fish colonization of an artificial reef in the Gulf of Elat, northern Red Sea",10.1023/A:1007528210270,1999,,Noah ,No ,No controls,
"Clark, S; Edwards, AJ",An evaluation of artificial reef structures as tools for marine habitat rehabilitation in the Maldives,10.1002/(SICI)1099-0755(199901/02)9:1<5::AID-AQC330>3.0.CO;2-U,1999,,Noah ,Yes,,
"Nemeth, RS",The effect of natural variation in substrate architecture on the survival of juvenile bicolor damselfish,10.1023/A:1007402104047,1998,,Noah ,No ,Did not look at abundance/biomass/richness,
"Fennessy, ST; Lotter, P; Chater, SC","Fish species composition and abundance on a subtropical, artificial reef on the east coast of South Africa",,1998,,Noah ,No ,No controls,
"Minton, R. Vernon; Heath, Stevens R.",Alabama's artificial reef program: Building oases in the desert,,1998,,Noah ,No ,Commentary,
"Rilov, G; Benayahu, Y",Vertical artificial structures as an alternative habitat for coral reef fishes in disturbed environments,10.1016/S0141-1136(98)00106-8,1998,,Noah ,No ,No controls,
"Tupper, M; Hunte, W",Predictability of fish assemblages on artificial and natural reefs in Barbados,,1998,,Noah ,No ,No controls,
"Coll, J; Moranta, J; Renones, O; Garcia-Rubies, A; Moreno, I","Influence of substrate and deployment time on fish assemblages on an artificial reef at Formentera Island (Balearic Islands, western Mediterranean)",10.1023/A:1003457810293,1998,,Noah ,No ,Did not look at abundance/biomass/richness,
"Garcia-Charton, JA; Perez-Ruzafa, A",Correlation between habitat structure and a rocky reef fish assemblage in the southwest Mediterranean,,1998,,Noah ,No ,Did not look at abundance/biomass/richness,
"Hower, AE",Combining wave energy and artificial reef technology for sustainable coastal resource development,,1998,,Noah ,No ,Meta analysis ,
"Schirm, Berthold; Waltemath, Maike","A comparison of natural and artificial reef fish communities in Lutoban, Negros Oriental, Philippines.",,1998,,Noah ,No ,Not available online,
"Jenkins, GP; Sutherland, CR",The influence of habitat structure on nearshore fish assemblages in a southern Australian embayment: colonisation and turnover rate of fishes associated with artificial macrophyte beds of varying physical structure,10.1016/S0022-0981(97)00071-3,1997,,Noah ,No ,No controls,
"Rooker, JR; Dokken, QR; Pattengill, CV; Holt, GJ","Fish assemblages on artificial and natural reefs in the Flower Garden Banks National Marine Sanctuary, USA",10.1007/s003380050062,1997,,Noah ,Maybe,Control is a natural reef,
"Stanley, DR; Wilson, CA",Seasonal and spatial variation in the abundance and size distribution of fishes associated with a petroleum platform in the northern Gulf of Mexico,10.1139/cjfas-54-5-1166,1997,,Noah ,No ,Not available online,
"Carr, MH; Hixon, MA",Artificial reefs: The importance of comparisons with natural reefs,10.1577/1548-8446(1997)022<0028:ARTIOC>2.0.CO;2,1997,,Noah ,No ,Review paper,
"Connell, SD",The relationship between large predatory fish and recruitment and mortality of juvenile coral reef-fish on artificial reefs,10.1016/S0022-0981(96)02704-9,1997,,Noah ,No ,Did not look at abundance/biomass/richness,
"Fujita, T; Kitagawa, D; Okuyama, Y; Jin, Y; Ishito, Y; Inada, T","Comparison of fish assemblages among an artificial reef, a natural reef and a sandy-mud bottom site on the shelf off Iwate, northern Japan",10.1007/BF00005013,1996,,Noah ,No ,Not available online,
"Caley, MJ; StJohn, J",Refuge availability structures assemblages of tropical reef fishes,10.2307/5777,1996,,Noah ,No ,No controls,
"Guiral, D; Gourbault, N; Helleouet, MN",Sediment nature and meiobenthos of an artificial reef (Acadja) used for extensive aquaculture.,,1995,,Noah ,No ,Not available online,
"PLANES, S; DOHERTY, PJ",EFFECT ON FISH POPULATIONS OF TOURIST BUNGALOWS BUILT ON PILES ON CORAL-REEFS,,1995,,Noah ,No ,Not available online,
"AMBROSE, RF",MITIGATING THE EFFECTS OF A COASTAL POWER-PLANT ON A KELP FOREST COMMUNITY - RATIONALE AND REQUIREMENTS FOR AN ARTIFICIAL REEF,,1994,,Noah ,No ,No controls,
"BEETS, J; HIXON, MA","DISTRIBUTION, PERSISTENCE, AND GROWTH OF GROUPERS (PISCES, SERRANIDAE) ON ARTIFICIAL AND NATURAL PATCH REEFS IN THE VIRGIN-ISLANDS",,1994,,Noah ,No ,Only looked at groupers,
"BOMBACE, G; FABI, G; FIORENTINI, L; SPERANZA, S",ANALYSIS OF THE EFFICACY OF ARTIFICIAL REEFS LOCATED IN 5 DIFFERENT AREAS OF THE ADRIATIC SEA,,1994,,Noah ,No ,No controls,
"BULL, AS; KENDALL, JJ",AN INDICATION OF THE PROCESS - OFFSHORE PLATFORMS AS ARTIFICIAL REEFS IN THE GULF-OF-MEXICO,,1994,,Noah ,No ,Did not look at abundance/biomass/richness,
"CLARK, S; EDWARDS, AJ",USE OF ARTIFICIAL REEF STRUCTURES TO REHABILITATE REEF FLATS DEGRADED BY CORAL MINING IN THE MALDIVES,,1994,,Noah ,Maybe,Control is a natural reef,
"DONALDSON, PL; CLAVIJO, IE","DIET OF ROUND SCAD (DECAPTERUS-PUNCTATUS) ON A NATURAL AND AN ARTIFICIAL REEF IN ONSLOW BAY, NORTH-CAROLINA",,1994,,Noah ,No ,Only looked at target species,
"FOSTER, KL; STEIMLE, FW; MUIR, WC; KROPP, RK; CONLIN, BE",MITIGATION POTENTIAL OF HABITAT REPLACEMENT - CONCRETE ARTIFICIAL REEF IN DELAWARE BAY - PRELIMINARY-RESULTS,,1994,,Noah ,No ,Only looked at infauna,
"JENSEN, AC; COLLINS, KJ; LOCKWOOD, APM; MALLINSON, JJ; TURNPENNY, WH","COLONIZATION AND FISHERY POTENTIAL OF A COAL-ASH ARTIFICIAL REEF, POOLE-BAY, UNITED-KINGDOM",,1994,,Noah ,No,Did not look at abundance/biomass/richness,
"LINDQUIST, DG; CAHOON, LB; CLAVIJO, IE; POSEY, MH; BOLDEN, SK; PIKE, LA; BURK, SW; CARDULLO, PA","REEF FISH STOMACH CONTENTS AND PREY ABUNDANCE ON REEF AND SAND SUBSTRATA ASSOCIATED WITH ADJACENT ARTIFICIAL AND NATURAL REEFS IN ONSLOW BAY, NORTH-CAROLINA",,1994,,Noah ,No ,Only looked at target species,
"POTTS, TA; HULBERT, AW","STRUCTURAL INFLUENCES OF ARTIFICIAL AND NATURAL HABITATS ON FISH AGGREGATIONS IN ONSLOW BAY, NORTH-CAROLINA",,1994,,Noah ,No ,Not available online,
"STEPHENS, JS; MORRIS, PA; PONDELLA, DJ; KOONCE, TA; JORDAN, GA","OVERVIEW OF THE DYNAMICS OF AN URBAN ARTIFICIAL REEF FISH ASSEMBLAGE AT KING-HARBOR, CALIFORNIA, USA, 1974-1991 - A RECRUITMENT DRIVEN SYSTEM",,1994,,Noah ,No ,No controls,
"CHUA, CYY; CHOU, LM",THE USE OF ARTIFICIAL REEFS IN ENHANCING FISH COMMUNITIES IN SINGAPORE,10.1007/BF00005665,1994,,Noah ,No ,Not available online,
"Lewis, Robin D.; Wilson, Kenneth C.; Togstad, Heidi A.; Aseltine-Neilson, Debbie",Fish density and abundance at Pendleton artificial reef: A case study of artificial and natural reefs,,1994,,Noah ,No ,Not available online,
"Ody, Denis; Harmelin, Jean-Georges",Effects of the design and location of artificial reefs on Mediterranean fish assemblages,,1994,,Noah ,No ,Not available online,
"Smith, Marcus P. Lincoln; Hair, Cathy A.; Bell, Johann D.",Man-made rock breakwaters as fish habitats: Comparisons between breakdown and natural reefs within an embayment in Southeastern Australia,,1994,,Noah ,No ,Not available online,
"CALEY, MJ","PREDATION, RECRUITMENT AND THE DYNAMICS OF COMMUNITIES OF CORAL-REEF FISHES",10.1007/BF00346423,1993,,Noah ,No ,Not available online,
"Guiral, Daniel; Arfi, Robert; Da, Kouete Philippe; Konan-Brou, Amoin Anabelle","Algal communities, biomasses and productions in an artificial reef (Acadja) built in a brackish tropical lagoon",,1993,,Noah ,No ,Not available online,
"Shao, Kwang-Tsao; Chen, Li-Shu","Evaluating the effectiveness of the coal ash artificial reefs at Wan-Li, northern Taiwan",,1992,,Noah ,No ,Not available online,
"STANLEY, DR; WILSON, CA",FACTORS AFFECTING THE ABUNDANCE OF SELECTED FISHES NEAR OIL AND GAS PLATFORMS IN THE NORTHERN GULF OF MEXICO,,1991,,Noah ,No ,Not available online,
"CADDY, JF; STAMATOPOULOS, C",MAPPING GROWTH AND MORTALITY-RATES OF CREVICE-DWELLING ORGANISMS ONTO A PERFORATED SURFACE - THE RELEVANCE OF COVER TO THE CARRYING-CAPACITY OF NATURAL AND ARTIFICIAL HABITATS,10.1016/0272-7714(90)90030-U,1990,,Noah ,No ,Not available online,
"AMBROSE, RF; SWARBRICK, SL",COMPARISON OF FISH ASSEMBLAGES ON ARTIFICIAL AND NATURAL REEFS OFF THE COAST OF SOUTHERN-CALIFORNIA,,1989,,Noah ,Maybe,Control is a natural reef,
"DEMARTINI, EE; ROBERTS, DA; ANDERSON, TW",CONTRASTING PATTERNS OF FISH DENSITY AND ABUNDANCE AT AN ARTIFICIAL ROCK REEF AND A COBBLE-BOTTOM KELP FOREST,,1989,,Noah ,Maybe,Control is a kelp forest,
"HUECKEL, GJ; BUCKLEY, RM; BENSON, BL",MITIGATING ROCKY HABITAT LOSS USING ARTIFICIAL REEFS,,1989,,Noah ,Yes,,
GUZMAN H M; CAMPOS J; GAMBOA C; BUSSING W A,AN ARTIFICIAL REEF OF TIRES ITS POTENTIAL FOR FISHERIES MANAGEMENT,,1988,,Noah ,No ,Not available online,
"DIAMANT, A; BENTUVIA, A; BARANES, A; GOLANI, D",AN ANALYSIS OF ROCKY COASTAL EASTERN MEDITERRANEAN FISH ASSEMBLAGES AND A COMPARISON WITH AN ADJACENT SMALL ARTIFICIAL REEF,10.1016/0022-0981(86)90245-5,1986,,Noah ,Maybe,Control is a seawall,
"JESSEE, WN; CARPENTER, AL; CARTER, JW",DISTRIBUTION PATTERNS AND DENSITY ESTIMATES OF FISHES ON A SOUTHERN-CALIFORNIA ARTIFICIAL REEF WITH COMPARISONS TO NATURAL KELP REEF HABITATS,,1985,,Noah ,Maybe,Control is a natural reef,
"WALSH, WJ","REEF FISH COMMUNITY DYNAMICS ON SMALL ARTIFICIAL REEFS - THE INFLUENCE OF ISOLATION, HABITAT STRUCTURE, AND BIOGEOGRAPHY",,1985,,Noah ,No ,No controls,
"OGDEN, JC; EBERSOLE, JP",SCALE AND COMMUNITY STRUCTURE OF CORAL-REEF FISHES - A LONG-TERM STUDY OF A LARGE ARTIFICIAL REEF,10.3354/meps004097,1981,,Noah ,No ,No controls,
SMITH G B; HENSLEY D A; MATHEWS H H,COMPARATIVE EFFICACY OF ARTIFICIAL AND NATURAL GULF OF MEXICO REEFS AS FISH ATTRACTANTS,,1979,,Noah ,Maybe,Control is a natural reef,
"CHANG, KH; LEE, SC; SHAO, KT",EVALUATION OF ARTIFICIAL REEF EFFICIENCY BASED ON STUDIES OF MODEL REEF FISH COMMUNITY INSTALLED IN NORTHERN TAIWAN,,1977,,Noah ,No ,Not available online,
"KOHN, AJ; LEVITEN, PJ",EFFECT OF HABITAT COMPLEXITY ON POPULATION-DENSITY AND SPECIES RICHNESS IN TROPICAL INTERTIDAL PREDATORY GASTROPOD ASSEMBLAGES,10.1007/BF00345098,1976,,Noah ,No ,Only looked at gastropods,
"Sánchez-Jerez, Ramos-Esplá",Changes in Fish Assemblages Associated with the Deployment of an Antitrawling Reef in Seagrass Meadows,,2000,,,Maybe,,
"Paxton, Pickering, Adler, et al",Flat and complex temperate reefs provide similar support for fish: Evidence for a unimodal species-habitat relationship,,2017,,,Maybe,,
"Sibley, ECP; Madgett, AS; Elsdon, TS; Marnane, MJ; Harvey, ES; Songploy, S; Kettradad, J; Fernandes, PG",An acoustic-optic comparison of fish assemblages at a Rigs-to-Reefs habitat and coral reef in the Gulf of Thailand,10.1016/j.ecss.2023.108552,2023,,,Maybe,Control is a natural reef,
"Dickson, J; Franken, O; Watson, MS; Monnich, B; Holthuijsen, S; Eriksson, BK; Govers, LL; van der Heide, T; Bouma, TJ",Who lives in a pear tree under the sea? A first look at tree reefs as a complex natural biodegradable structure to enhance biodiversity in marine systems,10.3389/fmars.2023.1213790,2023,,,Yes,,
"Xu, P; Jiao, MY; Li, HY; Ding, DW; Suo, AN; Huang, H; Zhou, WG",Effects of artificial reef and fishing moratorium on trophic structure of biological community in the Pearl River Estuary marine ranch based on stable isotopes,10.1016/j.marenvres.2023.106066,2023,,,No,Estuarine reefs,
"Mires, CH; Meyer-Kaiser, KS",A Case Study in Maritime Heritage Ecology: Understanding How Structural Changes to the 1898 Shipwreck Portland Affect Biological Diversity and Colonization,10.1007/s11457-023-09359-2,2023,,,No ,No controls,
"Knoester, EG; Rienstra, JJ; Schürmann, QJF; Wolma, AE; Murk, AJ; Osinga, R",Community-managed coral reef restoration in southern Kenya initiates reef recovery using various artificial reef designs,10.3389/fmars.2023.1152106,2023,,,Yes,,
"Peyghan, S; Doustshenas, B; Nabavi, MB; Ronagh, MT; Larki, AA","Experimental result of a shipwreck influence on the surrounding soft sediment communities in the vicinity of Bushehr port, Persian Gulf",10.1016/j.csr.2023.104981,2023,,,No,No controls,
"Madgett, AS; Elsdon, TS; Marnane, MJ; Schramm, KD; Harvey, ES",The functional diversity of fish assemblages in the vicinity of oil and gas pipelines compared to nearby natural reef and soft sediment habitats,10.1016/j.marenvres.2023.105931,2023,,,No ,Did not look at abundance/biomass/richness,
"Flávio, H; Seitz, R; Eggleston, D; Svendsen, JC; Stottrup, J",Hard-bottom habitats support commercially important fish species: a systematic review for the North Atlantic Ocean and Baltic Sea,10.7717/peerj.14681,2023,,,Hardbottom,meta analysis,
"Gairin, E; Minier, L; Claverie, T; Dromard, CR; Maueau, T; Collin, A; Frédérich, B; Bertucci, F; Lecchini, D",Coral reef fish communities of natural habitats and man-made coastal structures in Bora-Bora (French Polynesia),10.26496/bjz.2023.109,2023,,,No ,Man made structure is a seawall,
"Yuan, HR; Chen, PM; Li, XG","Taxonomic diversity and eco-exergy changes in fishery resources associated with artificial reefs over 14 years in Daya Bay, China",10.3389/fmars.2022.1054933,2022,,,Yes,,
"Kraufvelin, P; Bergström, L; Sundqvist, F; Ulmestrand, M; Wennhage, H; Wikström, A; Bergström, U",Rapid re-establishment of top-down control at a no-take artificial reef,10.1007/s13280-022-01799-9,2023,,,No,Only looked at lobster,
"Galaiduk, R; Radford, B; Case, M; Bond, T; Taylor, M; Cooper, T; Smith, L; McLean, D",Regional patterns in demersal fish assemblages among subsea pipelines and natural habitats across north-west Australia,10.3389/fmars.2022.979987,2022,,,No ,Splits data unnecessarily ,
"Williams, JP; Williams, CM; Pondella, DJ; Scholz, ZM",Rebirth of a reef: As-built description and rapid returns from the Palos Verdes Reef Restoration Project,10.3389/fmars.2022.1010303,2022,,,Yes,,
"White, AL; Patterson, WF; Boswell, KM",Distribution of acoustic fish backscatter associated with natural and artificial reefs in the Northeastern Gulf of Mexico,10.1016/j.fishres.2021.106199,2022,,,No,Did not look at abundance/biomass/richness,
"Goddard, BK; Becker, A; Harasti, D; Smith, JA; Subramaniam, RC; Suthers, IM",The trophic basis of fish assemblages in temperate estuarine and coastal ecosystems,10.1007/s00227-021-04001-y,2022,,,No,focal group is not fish,
"van Elden, S; Meeuwig, JJ; Hobbs, RJ",Offshore platforms as novel ecosystems: A case study from Australia's Northwest Shelf,10.1002/ece3.8496,2022,,,Yes,,
"Boakes, Z; Hall, AE; Jones, GC; Prasetijo, R; Stafford, R; Yahya, Y",Artificial coral reefs as a localised approach to increase fish biodiversity and abundance along the North Bali coastline,10.3934/geosci.2022018,2022,,,Yes,Found on first round,
"Pinto, TK; Barros, FPA; Nunes, JACC; Miranda, RJ; Pereira, BMS; Pereira, PHC; Sampaio, CLS",Shipwrecks fouling community: Similarities with natural rocky reefs at different distances and wave exposure regimes,10.1016/j.ocecoaman.2021.105895,2021,,,Maybe,"Control is natural reef, not bare substrate",
"Noonan, K; Fair, T; Matthee, K; Sox, K; Smith, K; Childress, M",Reef Fish Associations with Natural and Artificial Structures in the Florida Keys,10.3390/oceans2030036,2021,,,No ,Control is not bare substrate,
"Hylkema, A; Hakkaart, QCA; Reid, CB; Osinga, R; Murk, AJ; Debrot, AO",Artificial reefs in the Caribbean: A need for comprehensive monitoring and integration into marine management plans,10.1016/j.ocecoaman.2021.105672,2021,,,No,meta anlysis,
"Mathews, G; Raj, KD; Laju, RL; Bharath, MS; Kumar, PD; Arasamuthu, A; Asir, NGG; Kumar, TKA; Jayanthi, M; Edward, JKP",First approach to the characterization of the ecological succession on perforated trapezoidal multi-purpose reef modules: Building climate resilience,10.1016/j.ocecoaman.2021.105669,2021,,,No,No controls,
"Schramm, KD; Marnane, MJ; Elsdon, TS; Jones, CM; Saunders, BJ; Newman, SJ; Harvey, ES",Fish associations with shallow water subsea pipelines compared to surrounding reef and soft sediment habitats,10.1038/s41598-021-85396-y,2021,,,Yes,,
"Witalis, B; Iglikowska, A; Ronowicz, M; Kuklinski, P",Biodiversity of epifauna in the ports of Southern Baltic Sea revealed by study of recruitment and succession on artificial panels,10.1016/j.ecss.2020.107107,2021,,,No,Samples taken in a port,
"Coolen, JWP; Bittner, O; Driessen, FMF; van Dongen, U; Siahaya, MS; de Groot, W; Mavraki, N; Bolam, SG; van der Weide, B",Ecological implications of removing a concrete gas platform in the North Sea,10.1016/j.seares.2020.101968,2020,,,No,Micro fauna is focal group,
"Degraer, S; Carey, DA; Coolen, JWP; Hutchison, ZL; Kerckhof, F; Rumes, B; Vanaverbeke, J",OFFSHORE WIND FARM ARTIFICIAL REEFS AFFECT ECOSYSTEM STRUCTURE AND FUNCTIONING A Synthesis,10.5670/oceanog.2020.405,2020,,,No,Synthesis study,
"Shelamoff, V; Layton, C; Tatsumi, M; Cameron, MJ; Wright, JJT; Edgar, GJ; Johnson, CR",High kelp density attracts fishes except for recruiting cryptobenthic species,10.1016/j.marenvres.2020.105127,2020,,,No,Did not look at abundance/biomass/richness,
"Folpp, HR; Schilling, HT; Clark, GF; Lowry, MB; Maslen, B; Gregson, M; Suthers, IM",Artificial reefs increase fish abundance in habitat-limited estuaries,10.1111/1365-2664.13666,2020,,,No,Estuarine reefs,
"Chen, Q; Chen, PM","Short-Term Effects of Artificial Reef Construction on Surface Sediment and Seawater Properties in Daya Bay, China",10.2112/JCOASTRES-D-19-00081.1,2020,,,No,Did not look at abundance/biomass/richness,
"Liversage, K",An example of multi-habitat restoration: Conceptual assessment of benefits from merging shellfish-reef and boulder-reef restorations,10.1016/j.ecoleng.2019.105659,2020,,,No,Synthesis study,
"Chowdhury, MSN; Hossain, MS; Ysebaert, T; Smaal, AC",Do oyster breakwater reefs facilitate benthic and fish fauna in a dynamic subtropical environment?,10.1016/j.ecoleng.2019.105635,2020,,,Yes,,
"Khalaf, MA; Al-Horani, FA; Manasrah, RS; Arabeyyat, ZH","DEVELOPMENT OF FISH COMMUNITIES IN ARTIFICIAL LAGOONS IN THE GULF OF AQABA, RED SEA",,2020,,,No,Artificial lagoons not reefs,
"McLean, DL; Vaughan, BI; Malseed, BE; Taylor, MD",Fish-habitat associations on a subsea pipeline within an Australian Marine Park,10.1016/j.marenvres.2019.104813,2020,,,No,Did not look at abundance/biomass/richness,
"Wu, ZX; Tweedley, JR; Loneragan, NR; Zhang, XM",Artificial reefs can mimic natural habitats for fish and macroinvertebrates in temperate coastal waters of the Yellow Sea,10.1016/j.ecoleng.2019.08.009,2019,,,No,Synthesis study,
"Rouse, S; Lacey, NC; Hayes, P; Wilding, TA",Benthic Conservation Features and Species Associated With Subsea Pipelines: Considerations for Decommissioning,10.3389/fmars.2019.00200,2019,,,No,Does not look at fish,
"Bond, T; Partridge, JC; Taylor, MD; Langlois, TJ; Malseed, BE; Smith, LD; McLean, DL",Fish associated with a subsea pipeline and adjacent seafloor of the North West Shelf of Western Australia,10.1016/j.marenvres.2018.08.003,2018,,,Yes,,
"Opel, AH; Cavanaugh, CM; Rotjan, RD; Nelson, JP",The effect of coral restoration on Caribbean reef fish communities,10.1007/s00227-017-3248-0,2017,,,No,Used live coral ,
"Patranella, A; Kilfoyle, K; Pioch, S; Spieler, RE",Artificial Reefs as Juvenile Fish Habitat in a Marina,10.2112/JCOASTRES-D-16-00145.1,2017,,,No,Study within boat basin,
"Pastro, G; Dias, GM; Pereira, GH; Gibran, FZ",The consequences of small-scale variations in habitat conditions driven by a floating marina on reef fish assemblages of SE Brazil,10.1016/j.ocecoaman.2017.03.004,2017,,,No,Control is a marina,
"Krone, R; Dederer, G; Kanstinger, P; Krämer, P; Schneider, C; Schmalenbach, I",Mobile demersal megafauna at common offshore wind turbine foundations in the German Bight (North Sea) two years after deployment - increased production rate of Cancer pagurus,10.1016/j.marenvres.2016.11.011,2017,,,No,No controls,
"Streich, MK; Ajemian, MJ; Wetz, JJ; Shively, JD; Shipley, JB; Stunz, GW",Effects of a New Artificial Reef Complex on Red Snapper and the Associated Fish Community: an Evaluation Using a Before-After Control-Impact Approach,10.1080/19425120.2017.1347116,2017,,,Yes,,
"Fernandez-Gonzalez, V; Martinez-Garcia, E; Sanchez-Jerez, P",Role of fish farm fouling in recolonisation of nearby soft-bottom habitats affected by coastal aquaculture,10.1016/j.jembe.2015.10.019,2016,,,No,focal species is amphipods,
"Jaxion-Harm, J; Szedlmayer, ST",Depth and Artificial Reef Type Effects on Size and Distribution of Red Snapper in the Northern Gulf of Mexico,10.1080/02755947.2014.982332,2015,,,No,focal species is red snapper,
"Pinault, M; Wickel, J; Guyomard, D; Fricke, R; Quod, JP",First record of Pseudanthias bicolor (Serranidae) from different artificial habitats at Reunion Island,,2014,,,No,Not available online,
"Bergmark, P; Jorgensen, D",Lophelia pertusa conservation in the North Sea using obsolete offshore structures as artificial reefs,10.3354/meps10997,2014,,,No ,Did not look at abundance/biomass/richness,
"Polak, O; Polak, T; Shashar, N",Effects of habitat relocation on fish community structure- a case study,10.1007/s10641-014-0223-1,2014,,,No,No controls,
"Manríquez, PH; Fica, E; Ortiz, V; Castilla, JC","Marine bio-encrusting in the Chacao channel, Chile: a study of potential interactions with man-made structures",10.4067/S0718-19572014000200006,2014,,,No,Not available online,
"Buhl-Mortensen, P; Buhl-Mortensen, L",Diverse and vulnerable deep-water biotopes in the Hardangerfjord,10.1080/17451000.2013.810759,2014,,,No,study within fjords,
"Fowler, AM; Booth, DJ",Seasonal Dynamics of Fish Assemblages on Breakwaters and Natural Rocky Reefs in a Temperate Estuary: Consistent Assemblage Differences Driven by Sub-Adults,10.1371/journal.pone.0075790,2013,,,Maybe,control is a reef,
"Folpp, H; Lowry, M; Gregson, M; Suthers, IM",Fish Assemblages on Estuarine Artificial Reefs: Natural Rocky-Reef Mimics or Discrete Assemblages?,10.1371/journal.pone.0063505,2013,,,No,Estuarine reefs,
"Reubens, JT; Braeckman, U; Vanaverbeke, J; Van Colen, C; Degraer, S; Vincx, M",Aggregation at windmill artificial reefs: CPUE of Atlantic cod (Gadus morhua) and pouting (Trisopterus luscus) at different habitats in the Belgian part of the North Sea,10.1016/j.fishres.2012.10.011,2013,,,No,Did not report abundance,
"Wehkamp, S; Fischer, P",Impact of coastal defence structures (tetrapods) on a demersal hard-bottom fish community in the southern North Sea,10.1016/j.marenvres.2012.10.013,2013,,,Hardbottom,No controls,
"Ménard, A; Turgeon, K; Roche, DG; Binning, SA; Kramer, DL",Shelters and Their Use by Fishes on Fringing Coral Reefs,10.1371/journal.pone.0038450,2012,,,No,not Ars,
"Wells, RJD; Cowan, JH","Video estimates of red snapper and associated fish assemblages on sand, shell, and natural reef habitats in the north-central Gulf of Mexico",,2007,,,No,Did not look at an artificial reef,
"Lindberg, WJ; Frazer, TK; Portier, KM; Vose, F; Loftin, J; Murie, DJ; Mason, DM; Nagy, B; Hart, MK",Density-dependent habitat selection and performance by a large mobile reef fish,10.1890/1051-0761(2006)016[0731:DHSAPB]2.0.CO;2,2006,,,No ,focal species is gag,
"Gül, B; Lök, A; Ulas, A; Düzbastilar, FO",The investigation on fish composition at artificial reefs deployed on different substrates off Urkmez Coast,,2006,,,No,Not available online,
"Airoldi, L; Abbiati, M; Beck, MW; Hawkins, SJ; Jonsson, PR; Martin, D; Moschella, PS; Sundelöf, A; Thompson, RC; Åberg, P",An ecological perspective on the deployment and design of low-crested and other hard coastal defence structures,10.1016/j.coastaleng.2005.09.007,2005,,,Hardbottom,Synthesis study,
"Guidetti, P; Bussotti, S; Boero, F",Evaluating the effects of protection on fish predators and sea urchins in shallow artificial rocky habitats: a case study in the northern Adriatic Sea,10.1016/j.marenvres.2004.05.008,2005,,,No ,One focal species,
"Nanami, A; Nishihira, M",The structures and dynamics of fish communities in an Okinawan coral reef: Effects of coral-based habitat structures at sites with rocky and sandy sea bottoms,10.1023/A:1014952932694,2002,,,No,not ars,
"Ohman, MC; Rajasuriya, A; Olafsson, E",Reef fish assemblages in north-western Sri Lanka: Distribution patterns and influences of fishing practises,10.1023/A:1007309230416,1997,,,No,not ars,
"Grossman, GD; Jones, GP; Seaman, WJ",Do artificial reefs increase regional fish production? A review of existing data,10.1577/1548-8446(1997)022<0017:DARIRF>2.0.CO;2,1997,,,No ,Synthesis study,
"FUJITA, T; KITAGAWA, D; OKUYAMA, Y; ISHITO, Y; INADA, T; JIN, Y","DIETS OF THE DEMERSAL FISHES ON THE SHELF OFF IWATE, NORTHERN JAPAN",,1995,,,No,Not available online,
"DANNER, EM; WILSON, TC; SCHLOTTERBECK, RE",COMPARISON OF ROCKFISH RECRUITMENT OF NEARSHORE ARTIFICIAL AND NATURAL REEFS OFF THE COAST OF CENTRAL CALIFORNIA,,1994,,,Maybe,"Control is natural reef, not bare substrate",
"LOVE, M; HYLAND, J; EBELING, A; HERRLINGER, T; BROOKS, A; IMAMURA, E",A PILOT-STUDY OF THE DISTRIBUTION AND ABUNDANCES OF ROCKFISHES IN RELATION TO NATURAL ENVIRONMENTAL-FACTORS AND AN OFFSHORE OIL AND GAS-PRODUCTION PLATFORM OFF THE COAST OF SOUTHERN CALIFORNIA,,1994,,,No,No controls,
"PONDELLA, DJ; STEPHENS, JS",FACTORS AFFECTING THE ABUNDANCE OF JUVENILE FISH SPECIES ON A TEMPERATE ARTIFICIAL REEF,,1994,,,No,No controls,
"POSEY, MH; AMBROSE, WG",EFFECTS OF PROXIMITY TO AN OFFSHORE HARD-BOTTOM REEF ON INFAUNAL ABUNDANCES,10.1007/BF00347524,1994,,,Hardbottom,Not available online,
"AMBROSE, RF; ANDERSON, TW",INFLUENCE OF AN ARTIFICIAL REEF ON THE SURROUNDING INFAUNAL COMMUNITY,10.1007/BF01313240,1990,,,No ,did not look at fish,
"DAVIS, N; VANBLARICOM, GR; DAYTON, PK",MAN-MADE STRUCTURES ON MARINE-SEDIMENTS - EFFECTS ON ADJACENT BENTHIC COMMUNITIES,10.1007/BF00396848,1982,,,No,did not look at fish,
"TALBOT, FH; RUSSELL, BC; ANDERSON, GRV","CORAL-REEF FISH COMMUNITIES - UNSTABLE, HIGH-DIVERSITY SYSTEMS",10.2307/2937241,1978,,,Maybe,"Control is natural reef, not bare substrate",
"Kilfoyle, A. Kirk; Freeman, Jessica; Jordan, Lance K.B.; Quinn, T. Patrick; Spieler, Richard E.",Fish assemblages on a mitigation boulder reef and neighboring hardbottom,,2013,,,Hardbottom,,
"Jones, Stuart T.; Asher, Jacob M.; Boland, Raymond C.; Kanenaka, Brian K.; Weng, Kevin C.",Fish biodiversity patterns of a mesophotic-to-subphotic artificial reef complex and comparisons with natural substrates,,2020,,,,,
"Azhdari, H; Ibrahim, M.; Arshad, A.; Shohaimi, S.; Ajdari, Z.; Ibrahim, Z. Z.",The Effect of Artificial Reefs on Fish Assemblage Versus Natural Sites in the Bandar Lengeh-Iran,,2012,,,Hardbottom,Hardbottom,
"Streich, Matthew K.; Ajemian, Matthew J.; Wetz, Jennifer J.; Stunz, Gregory W.",A Comparison of Fish Community Structure at Mesophotic Artificial Reefs and Natural Banks in the Western Gulf of Mexico,,2017,,,Hardbottom,Hardbottom,
"Dupont, Jennifer M.",Artificial Reefs as Restoration Tools: A Case Study on the West Florida Shelf,,2008,,,Hardbottom,Hardbottom,
"Clynick, Brianna G.",Assemblages of fish associated with coastal marinas in north-western Italy,,2006,,,Hardbottom,Hardbottom,
"Morley, D. M.; Sherman, R. L.; Jordan, L. K. B.; Banks, K. W.; Quinn, T. P.; Spieler, R. E.",Environmental enhancement gone awry: characterization of an artificial reef constructed from waste vehicle tires,,2008,,,Hardbottom,Hardbottom,
"Jardeweski, C L F",Fish Assemblage on Artificial Reefs in South Brazilian Coast,,2006,,,Hardbottom,Hardbottom,
"Wilhelmsson, Dan; Malm, Torleif; Öhman, Marcus C.",The influence of offshore windpower on demersal fish,,2006,,,Hardbottom,Hardbottom,
"Oakes, Christopher T.; Pondella, Daniel J.",The Value of a Net?Cage as a Fish Aggregating Device in Southern California,,2009,,,Hardbottom,Hardbottom,
"Sheehan, E V; Cartwright, A Y; Witt, M J; Attrill, M J; Vural, M; Holmes, L A",Development of epibenthic assemblages on artificial habitat associated with marine renewable infrastructure,,2020,,,Hardbottom,Hardbottom,
"Smith, Adam; Songcuan, Al Jayson; Cook, Nathan; Brown, Rachelle; Cook, Kailash; Richardson, Reuben","Engineering, Ecological and Social Monitoring of the Largest Underwater Sculpture in the World at John Brewer Reef, Australia",,2022,,,Hardbottom,Hardbottom,
